N,P,K,pH,EC,OC,S,Zn,Fe,Cu,Mn,B,Output,Temparature,Humidity ,Moisture,Soil Type,Crop Type,Fertilizer Name,NPK_Distance_Score
138,8.6,560,7.46,0.62,0.7,5.9,0.24,0.31,0.77,8.71,0.11,0,25,50,40,Clayey,Pulses,Urea,98.0745156565847
213,7.5,338,7.62,0.75,1.06,25.4,0.3,0.86,1.54,2.89,2.29,0,25,50,40,Clayey,Pulses,DAP,60.1913081100863
163,9.6,718,7.59,0.51,1.11,14.3,0.3,0.86,1.57,2.7,2.03,0,25,50,40,Clayey,Pulses,14-35-14,126.583596096459
157,6.8,475,7.64,0.58,0.94,26,0.34,0.54,1.53,2.65,1.82,0,25,50,40,Clayey,Pulses,28-28,83.1426730024033
270,9.9,444,7.63,0.4,0.86,11.8,0.25,0.76,1.69,2.43,2.26,1,25,50,40,Clayey,Pulses,Urea,79.8882195683481
220,8.6,444,7.43,0.65,0.72,11.7,0.37,0.66,0.9,2.19,1.82,0,25,50,40,Clayey,Pulses,17-17-17,78.7486597496173
220,7.2,222,7.62,0.43,0.81,7.4,0.34,0.69,1.05,2,1.88,0,30,59,31,Red,Tobacco,20-20,40.9492285592385
207,7,401,7.63,0.59,0.69,7.6,0.32,0.68,0.62,2.43,1.68,0,25,50,40,Clayey,Pulses,Urea,70.9643323683824
289,8.6,560,7.58,0.44,0.67,7.3,0.63,0.66,0.94,2.43,1.79,1,25,50,40,Clayey,Pulses,28-28,100.463241849131
138,8.1,739,7.55,0.33,0.78,9,0.69,0.41,1.15,2.75,2,0,25,50,40,Clayey,Pulses,14-35-14,130.133397122887
151,8.1,549,7.59,0.45,0.97,9.6,0.71,0.38,1.33,2.79,2.41,1,25,50,40,Clayey,Pulses,DAP,96.2499816103071
144,7.2,306,7.53,0.73,0.89,9.2,0.63,0.47,1.03,2.79,2.38,0,25,50,40,Clayey,Pulses,17-17-17,53.0502449280416
138,5.3,444,7.68,0.6,0.78,9.7,0.73,0.36,1.32,3.32,2.12,0,25,50,40,Clayey,Pulses,Urea,77.3755263008321
144,8.3,549,7.45,0.53,0.81,10.2,0.51,0.56,1.26,2.9,2.29,0,25,50,40,Clayey,Pulses,28-28,96.171975098431
201,7.7,676,7.39,0.77,0.72,9.7,0.58,0.47,1.02,3.77,2.56,1,25,50,40,Clayey,Pulses,DAP,119.494175332174
182,9.2,718,7.47,0.34,0.67,10.6,0.77,0.41,1.28,3.04,2.79,0,25,50,40,Clayey,Pulses,17-17-17,126.772710385511
238,7.5,771,7.38,0.88,0.75,11,0.46,0.38,1.16,2.96,1.32,0,25,50,40,Clayey,Pulses,Urea,136.883082705963
270,8.1,655,7.45,0.55,0.67,10.2,0.28,0.44,1.26,7.75,2.56,1,25,50,40,Clayey,Pulses,28-28,116.783649093293
213,6.1,803,7.38,0.78,0.61,10.5,0.3,0.49,0.66,7.74,1.85,0,25,50,40,Clayey,Pulses,Urea,142.292621328516
245,8.1,560,7.31,0.63,0.78,11.6,0.29,0.43,0.57,7.73,0.74,0,25,50,40,Clayey,Pulses,DAP,99.5945960458035
282,8.3,454,7.43,0.62,0.75,11,0.32,0.5,0.81,4.99,2.65,1,25,50,40,Clayey,Pulses,20-20,81.9148321872389
213,8.3,676,7.36,0.51,0.69,23.6,0.28,0.93,1.04,2.17,1.97,0,25,50,40,Clayey,Pulses,17-17-17,119.646610261481
207,9.4,127,7.62,0.68,0.75,27.2,0.28,0.72,1.04,2.43,0.94,0,30,59,31,Red,Tobacco,DAP,25.946000291553
307,8.3,11,7.49,0.84,0.69,15.8,0.26,0.57,0.73,2.13,2.47,1,26,54,33,Black,Oil seeds,Urea,23.0436398653281
207,7.2,496,7.55,0.61,0.64,26.2,0.24,0.47,1.15,1.99,1.94,0,25,50,40,Clayey,Pulses,20-20,87.6408164906282
201,5.5,359,7.44,0.76,0.78,26,0.18,0.83,0.71,2.24,1.91,0,25,50,40,Clayey,Pulses,28-28,63.5236558479321
364,7.5,507,7.63,0.52,0.69,14.6,0.23,1.19,0.39,2.16,2.82,1,30,59,31,Red,Tobacco,14-35-14,93.2130011791579
220,8.3,560,7.42,0.63,0.61,15.8,0.19,1.08,0.34,1.77,0.74,0,25,50,40,Clayey,Pulses,Urea,99.1632868750476
245,8.3,560,7.58,0.74,0.83,8.2,0.32,0.96,1.57,2.67,0.59,0,25,50,40,Clayey,Pulses,DAP,99.5945064667845
207,7.7,676,7.41,0.42,1,15,0.27,0.92,1.43,3.12,1.85,0,25,50,40,Clayey,Pulses,20-20,119.569392587029
276,8.3,401,7.34,0.53,0.72,14.8,0.28,0.57,1.34,2.15,2.18,1,25,50,40,Clayey,Pulses,28-28,72.675763635487
207,5,560,7.4,0.84,0.67,25.4,0.27,0.46,1.53,2.43,2.12,0,25,50,40,Clayey,Pulses,DAP,98.9589849850751
245,5.7,465,7.29,0.63,0.61,22.4,0.25,0.44,1.24,2.11,0.74,0,25,50,40,Clayey,Pulses,Urea,82.9469984564098
169,8.1,549,8.23,0.58,0.56,21,0.2,0.38,1.15,3.01,2,1,25,50,40,Clayey,Pulses,14-35-14,96.4676954860317
182,5,560,7.62,0.52,0.47,22.4,0.73,0.46,1.14,2.72,1.97,0,25,50,40,Clayey,Pulses,28-28,98.5979298189498
220,8.3,760,7.48,0.59,0.67,24,0.83,0.37,1.99,3.84,0.88,0,25,50,40,Clayey,Pulses,Urea,134.699081217936
138,5.7,401,7.42,0.72,0.78,26,0.37,0.32,1.34,3.77,2,1,25,50,40,Clayey,Pulses,14-35-14,69.729396192522
238,8.3,697,7.59,0.43,0.83,25.4,0.45,0.43,1.43,2.65,2.29,0,25,50,40,Clayey,Pulses,DAP,123.721649170361
151,8.1,517,7.46,0.43,0.86,16,0.36,0.38,1.92,2.88,0.59,0,25,50,40,Clayey,Pulses,17-17-17,90.5418556345846
207,7.9,612,7.44,0.55,1,14.6,0.45,0.47,1.47,3.16,1.88,0,25,50,40,Clayey,Pulses,DAP,108.184314210045
138,8.3,581,7.63,0.86,0.53,7.2,0.76,0.35,1.42,5.07,2.47,0,25,50,40,Clayey,Pulses,20-20,101.830251104841
182,10.7,708,7.48,0.57,1.11,14.2,0.59,0.92,1.15,6.69,0.65,0,25,50,40,Clayey,Pulses,14-35-14,124.985339656773
138,7.5,612,7.54,0.72,0.54,16,0.29,0.95,1.91,4.64,2.53,0,25,50,40,Clayey,Pulses,28-28,107.37780287897
207,8.3,370,7.52,0.44,1.03,17.4,0.31,0.81,1.43,4.98,2.41,0,25,50,40,Clayey,Pulses,Urea,65.5691250563051
295,8.6,676,7.41,0.48,0.97,26,0.38,0.71,1.97,5.15,2,1,25,50,40,Clayey,Pulses,DAP,120.925983505179
289,5.7,338,7.64,0.57,0.72,14.6,0.18,1.06,0.92,2.46,1.85,1,30,59,31,Red,Tobacco,14-35-14,62.4534051712454
207,7,444,7.55,0.57,0.83,8.6,0.18,0.96,0.93,2.15,2.18,0,25,50,40,Clayey,Pulses,20-20,78.4899471662362
138,8.1,718,7.48,0.63,0.94,12.6,0.19,1.02,1.15,2.24,2.47,0,25,50,40,Clayey,Pulses,28-28,126.367916240303
138,8.3,454,7.65,0.58,1.03,14,0.25,1.05,1.19,2.16,2.82,0,25,50,40,Clayey,Pulses,Urea,79.1542873181358
82,7.9,496,7.37,0.51,1.06,11,0.2,1.03,1.04,2.35,1.82,1,25,50,40,Clayey,Pulses,14-35-14,86.1324622819353
107,8.3,612,7.43,0.43,0.75,7.2,0.18,0.95,0.89,2.16,0.74,0,25,50,40,Clayey,Pulses,28-28,107.122613634658
38,7,370,7.57,0.42,1.08,14,0.18,0.86,1.04,2,2.23,1,25,50,40,Clayey,Pulses,20-20,63.2568328929138
88,7.2,655,7.46,0.44,1,13.1,0.18,0.78,1.03,2.27,1.94,2,25,50,40,Clayey,Pulses,Urea,114.725458884473
19,5.3,708,7.38,0.29,1.06,12.8,0.17,0.76,0.92,2.88,2.21,0,25,50,40,Clayey,Pulses,DAP,124.051118862774
56,7.7,444,7.32,0.67,0.83,11.2,0.23,0.95,0.88,2.65,1.82,0,25,50,40,Clayey,Pulses,17-17-17,76.6404957651366
50,8.3,475,7.36,0.34,0.83,11.6,0.43,0.59,0.89,2.2,1.32,1,25,50,40,Clayey,Pulses,28-28,82.1866873187777
38,7.5,454,7.4,0.48,0.92,8.8,0.3,1.29,1.71,4.99,2.59,0,25,50,40,Clayey,Pulses,Urea,78.3668244272139
25,8.1,591,7.33,0.43,0.78,14,0.46,0.35,1.74,2.38,2.29,0,25,50,40,Clayey,Pulses,20-20,102.994360649802
82,7.2,507,7.63,0.44,0.61,27.2,0.56,0.35,1.6,2.66,2.82,1,25,50,40,Clayey,Pulses,17-17-17,88.1074576314393
88,7.7,708,7.52,0.37,0.78,21,0.19,0.74,1.43,2.42,2.29,0,25,50,40,Clayey,Pulses,DAP,124.249860866019
144,7.2,623,7.57,0.54,0.92,22.8,0.37,0.51,1.69,6,2.26,0,25,50,40,Clayey,Pulses,Urea,109.403170732232
213,8.6,718,7.59,0.68,0.86,23,0.3,0.46,1.53,9.53,2.82,1,25,50,40,Clayey,Pulses,20-20,127.126804310588
282,5.7,454,7.48,0.46,0.81,16,0.32,0.5,1.34,3.7,2.47,1,25,50,40,Clayey,Pulses,28-28,81.9164658644982
264,9.4,475,7.52,0.43,0.78,14.8,0.27,0.61,1.41,2.88,2.41,1,25,50,40,Clayey,Pulses,10-26-26,85.1097529790638
301,7,507,7.46,0.42,0.69,23,0.23,0.46,1.02,2.71,1.71,1,25,50,40,Clayey,Pulses,Urea,91.5305499675493
226,7.5,348,7.62,0.31,0.75,11.3,0.78,0.4,1.04,2.43,1.29,0,25,50,40,Clayey,Pulses,DAP,62.249777826112
307,5,327,7.58,0.56,0.61,11.6,0.46,0.68,1.14,2.79,1.23,1,30,59,31,Red,Tobacco,20-20,61.2713790252309
326,5.9,517,7.41,0.32,0.81,25.7,0.5,0.65,1.16,2.27,1.35,1,25,50,40,Clayey,Pulses,14-35-14,93.8823987526237
251,5,391,7.59,0.62,0.89,11.7,0.56,0.64,1.03,7.75,1.38,1,25,50,40,Clayey,Pulses,10-26-26,70.2872171536083
213,4.8,444,7.55,0.47,0.75,11.8,0.63,0.5,1.02,7.71,1.53,0,25,50,40,Clayey,Pulses,20-20,78.6094940980278
195,5.5,507,7.57,0.37,0.69,11,0.28,0.48,0.91,1.89,1.65,0,25,50,40,Clayey,Pulses,28-28,89.3853300046762
31,5.9,581,7.33,0.71,0.83,11.2,0.37,0.54,1.13,1.99,1.59,0,25,50,40,Clayey,Pulses,Urea,101.205279266039
69,6.8,465,7.51,0.46,0.78,11.7,0.32,0.49,1.06,2.1,1.53,0,25,50,40,Clayey,Pulses,28-28,80.4849332073312
182,7.5,391,7.57,0.53,0.78,11.8,0.37,0.53,1.02,7.77,1.32,0,25,50,40,Clayey,Pulses,Urea,68.7034903403177
19,6.4,454,7.49,0.6,0.61,10.4,0.48,0.63,0.86,2,1.29,0,25,50,40,Clayey,Pulses,DAP,78.3262557891384
132,5.5,655,7.31,0.71,0.67,11,0.38,1.07,1.71,4.43,2.41,0,25,50,40,Clayey,Pulses,14-35-14,115.027741959685
163,7.7,517,7.32,0.49,0.75,12.6,0.35,3.42,1.6,10.61,2,0,25,50,40,Clayey,Pulses,28-28,90.6933918324465
182,8.1,507,7.23,0.73,0.81,10.2,0.37,2.19,1.52,2.75,2.06,0,25,50,40,Clayey,Pulses,20-20,89.1826955784152
295,5.5,433,7.34,0.46,0.75,13.6,0.42,0.6,1.22,2.53,2.26,1,25,50,40,Clayey,Pulses,10-26-26,78.6641065180478
201,5.7,253,7.51,0.63,0.83,3.2,0.44,0.77,1.16,3.76,2.12,0,30,59,31,Red,Tobacco,DAP,45.3985895383888
6,5,465,7.47,0.42,0.81,14.5,0.48,0.5,1.21,2.62,2.35,0,25,50,40,Clayey,Pulses,14-35-14,80.2994071802723
56,6.6,401,7.46,0.57,0.89,9,0.47,0.64,1.18,3.66,2.18,0,25,50,40,Clayey,Pulses,Urea,68.9140160030326
132,8.3,444,7.62,0.43,0.75,13,0.45,1.2,1.25,2.76,2.65,0,25,50,40,Clayey,Pulses,DAP,77.297742723273
69,8.1,338,7.5,0.63,0.78,8.4,0.37,2.12,1.03,2.84,2.26,0,25,50,40,Clayey,Pulses,20-20,57.6948109489736
270,7,391,7.4,0.61,0.67,27.1,0.42,1.18,1.04,2.76,1.62,1,25,50,40,Clayey,Pulses,28-28,70.8043418413818
326,7.5,401,7.3,0.23,0.56,26,0.52,2.08,1.68,3.43,2.12,1,30,59,31,Red,Tobacco,14-35-14,74.170127517688
351,8.6,454,7.5,0.38,0.72,19.5,0.48,2.06,1.26,2.77,1.85,1,30,59,31,Red,Tobacco,10-26-26,83.8543952332809
13,8.3,644,7.5,0.71,0.67,13.9,0.45,1.06,1.05,3.63,2.29,0,25,50,40,Clayey,Pulses,Urea,112.524312354315
314,8.1,454,7.4,0.59,0.75,23.9,0.36,0.59,1.25,2.76,2.21,1,25,50,40,Clayey,Pulses,10-26-26,82.7737243299651
282,8.3,465,7.4,0.76,0.61,2.5,0.38,0.74,1.43,2.74,0.94,1,25,50,40,Clayey,Pulses,DAP,83.8101798512366
6,7.5,412,7.4,0.41,0.81,6.5,0.46,0.5,1.47,2.97,2.65,0,25,50,40,Clayey,Pulses,14-35-14,70.7562239513525
270,8.6,486,7.4,0.67,0.89,28.6,0.71,0.59,1.24,2.89,2.41,1,25,50,40,Clayey,Pulses,10-26-26,87.1580071299382
220,5.5,539,7.6,0.42,0.83,8.5,0.39,0.52,1.21,2.5,2.21,0,25,50,40,Clayey,Pulses,Urea,95.4540357458999
151,4.8,454,7.3,0.77,0.75,8,0.36,0.67,1.24,2.76,2.06,0,25,50,40,Clayey,Pulses,14-35-14,79.328633458239
201,5.3,507,7.6,0.53,0.39,10.86,0.32,9.32,0.69,9.03,0.69,0,25,50,40,Clayey,Pulses,28-28,89.4829496250629
151,5.9,581,7.6,0.48,0.88,4.52,0.42,4.05,1.06,5.3,0.29,0,25,50,40,Clayey,Pulses,10-26-26,101.965175085824
75,7.9,327,7.8,0.66,0.1,7.24,0.5,7.32,0.87,6.32,0.4,0,25,50,40,Clayey,Pulses,Urea,55.7777424415971
232,5.9,275,7.7,0.43,0.68,5.43,0.47,6.52,1.52,8.05,0.32,0,30,59,31,Red,Tobacco,DAP,50.0778517846958
207,7.5,549,7.7,0.72,0.49,3.32,0.36,4.56,1.96,13.02,0.67,0,25,50,40,Clayey,Pulses,20-20,97.0090404156551
264,6.4,496,7.9,0.38,0.78,3.92,0.52,8.06,1.32,14.52,0.46,1,25,50,40,Clayey,Pulses,Urea,88.7637313000204
188,5,454,7.6,0.74,0.2,5.13,0.34,3.59,1.54,17.56,0.55,0,25,50,40,Clayey,Pulses,DAP,79.903520732111
326,6.8,486,7.8,0.82,1.07,4.22,0.58,4.58,0.86,11.52,0.74,1,25,50,40,Clayey,Pulses,14-35-14,88.5674593263195
295,4.8,327,7.6,0.43,0.88,3.32,0.42,7.63,0.51,9.03,0.86,1,30,59,31,Red,Tobacco,28-28,60.8417415808078
126,8.6,454,7.7,0.62,0.39,7.54,0.32,9.32,1.35,4.85,0.27,0,25,50,40,Clayey,Pulses,Urea,79.0094265716155
207,6.8,327,7.6,0.71,0.68,7.84,0.57,4.02,1.25,6.32,0.23,0,25,50,40,Clayey,Pulses,17-17-17,58.1462893353364
213,7.2,338,7.7,0.43,0.2,4.22,0.58,9.63,0.86,8.32,0.34,0,25,50,40,Clayey,Pulses,20-20,60.1915546685832
69,4.4,507,7.7,0.53,0.1,5.13,0.39,4.02,1.03,13.05,0.25,0,25,50,40,Clayey,Pulses,Urea,88.0316720107516
220,5.9,539,7.5,0.42,0.29,5.73,0.33,8.32,1.45,9.63,0.32,0,25,50,40,Clayey,Pulses,28-28,95.4537889029285
163,8.1,496,7.5,0.77,1.17,6.33,0.51,6.03,1.32,7.63,0.4,0,25,50,40,Clayey,Pulses,14-35-14,86.957545462049
138,6.1,348,7.4,0.41,0.88,4.52,0.28,4.85,0.85,13.05,0.29,0,25,50,40,Clayey,Pulses,DAP,60.338660920733
88,7.5,444,7.5,0.76,0.1,7.84,0.52,4.05,1.63,7.63,0.34,0,25,50,40,Clayey,Pulses,17-17-17,76.848892529149
195,4.8,422,7.4,0.52,0.29,5.73,0.33,8.32,1.45,9.63,0.32,0,25,50,40,Clayey,Pulses,Urea,74.3981654935678
251,6.8,391,7.6,0.36,0.88,4.22,0.48,5.02,0.63,6.03,0.25,0,25,50,40,Clayey,Pulses,28-28,70.2857379110847
207,7.5,412,7.4,0.61,0.1,5.73,0.52,9.32,1.02,11.63,0.78,0,25,50,40,Clayey,Pulses,DAP,72.8848429423181
195,6.6,433,7.5,0.6,0.49,9.65,0.39,7.15,1.58,12.02,2.29,0,25,50,40,Clayey,Pulses,17-17-17,76.3293082878729
220,4.6,401,7.7,0.52,0.78,4.22,0.24,4.02,1.3,7.51,0.29,0,25,50,40,Clayey,Pulses,Urea,71.2533938890382
251,7.5,380,7.6,0.76,1.07,10.86,0.28,5.21,0.69,12.21,0.53,0,25,50,40,Clayey,Pulses,28-28,68.4008378857588
238,7,570,7.7,0.53,0.88,5.43,0.63,3.26,1.05,5.25,0.61,0,25,50,40,Clayey,Pulses,Urea,101.233290394307
119,8.3,444,7.6,0.76,0.49,7.84,0.41,4.05,2.02,4.85,0.46,0,25,50,40,Clayey,Pulses,DAP,77.1454928984979
163,5.9,444,7.5,0.53,0.68,9.65,0.52,2.89,1.58,13.25,0.29,0,25,50,40,Clayey,Pulses,20-20,77.7276007298794
207,8.3,612,7.5,0.46,0.2,4.22,0.35,6.32,0.68,8.5,0.55,0,25,50,40,Clayey,Pulses,17-17-17,108.184147162382
138,5.9,602,7.5,0.42,1.17,5.13,0.6,7.51,0.78,6.32,0.74,0,25,50,40,Clayey,Pulses,DAP,105.58880345915
126,7.2,433,7.5,0.65,0.98,8.75,0.52,3.15,1.05,7.15,0.9,0,25,50,40,Clayey,Pulses,Urea,75.2644822770814
157,6.8,475,7.4,0.45,0.88,7.84,0.48,4.32,1.96,9.52,0.31,0,25,50,40,Clayey,Pulses,20-20,83.1426730024033
201,6.6,655,7.6,0.64,0.1,6.33,0.41,1.69,1.57,11.05,0.53,0,25,50,40,Clayey,Pulses,28-28,115.753536206414
257,8.6,465,7.4,0.44,0.78,4.52,0.36,6.23,0.68,14.15,0.4,0,25,50,40,Clayey,Pulses,14-35-14,83.2130469240194
201,7.7,327,7.5,0.6,0.59,10.26,0.25,4.05,0.5,12.3,0.32,0,25,50,40,Clayey,Pulses,Urea,57.9906818763789
257,6.4,422,7.5,0.59,0.39,5.43,0.28,2.68,1.26,19.21,0.55,0,25,50,40,Clayey,Pulses,DAP,75.7717184594567
251,8.1,539,7.6,0.72,0.68,6.64,0.37,3.51,1.03,14.52,0.59,0,25,50,40,Clayey,Pulses,20-20,96.0150261121702
201,4.8,496,7.5,0.53,0.49,5.43,0.25,5.69,2.02,7.68,0.65,0,25,50,40,Clayey,Pulses,28-28,87.5397368059252
333,7,422,7.5,0.48,0.1,9.65,0.39,3.9,1.89,13.25,0.53,1,30,59,31,Red,Tobacco,DAP,77.913925743334
320,8.3,359,7.4,0.53,1.17,5.13,0.52,4.12,0.87,6.17,0.4,1,30,59,31,Red,Tobacco,Urea,66.9872431277515
232,5,560,7.4,0.76,0.29,4.25,0.42,2.05,1.05,12.05,0.31,0,25,50,40,Clayey,Pulses,14-35-14,99.3663410124909
326,5.3,549,7.6,0.82,0.59,8.75,0.57,1.98,1.63,6.38,0.73,1,25,50,40,Clayey,Pulses,28-28,99.3992329267924
195,5.5,507,7.4,0.61,0.1,10.86,0.35,3.25,0.78,4.51,0.21,0,25,50,40,Clayey,Pulses,Urea,89.3853300046762
345,6.8,496,7.7,0.57,0.88,9.65,0.29,6.3,1.51,9.32,0.34,1,25,50,40,Clayey,Pulses,14-35-14,90.8015724443686
257,8.1,634,7.6,0.81,0.39,4.52,0.57,7.21,1.63,11.5,0.53,1,25,50,40,Clayey,Pulses,DAP,112.855004125885
251,4.8,444,7.4,0.54,0.59,7.24,0.48,4.15,0.98,13.52,0.4,0,25,50,40,Clayey,Pulses,17-17-17,79.4319930694858
226,6.1,644,7.4,0.56,0.29,5.43,0.29,3.26,1.05,14.25,0.29,0,25,50,40,Clayey,Pulses,DAP,114.139675272795
264,7.2,496,7.6,0.62,0.1,9.95,0.34,6.53,1.87,6.25,0.42,1,25,50,40,Clayey,Pulses,20-20,88.7632571009402
213,6.8,612,7.7,0.6,0.78,5.13,0.51,1.87,1.6,9.32,0.25,0,25,50,40,Clayey,Pulses,14-35-14,108.270408138321
132,6.4,517,7.5,0.61,0.49,7.54,0.46,5.02,0.69,7.15,0.71,0,25,50,40,Clayey,Pulses,28-28,90.3273481916103
195,6.6,750,7.5,0.53,0.68,5.73,0.28,6.33,0.7,11.56,0.78,0,25,50,40,Clayey,Pulses,Urea,132.62975963483
50,8.1,454,7.6,0.74,1.17,10.26,0.33,4.51,1.3,6.25,0.29,0,25,50,40,Clayey,Pulses,DAP,78.4104901458795
201,5.3,634,7.5,0.68,0.88,4.52,0.51,6.23,1.89,7.05,0.53,0,25,50,40,Clayey,Pulses,14-35-14,112.01575776836
100,8.3,676,7.6,0.59,0.1,8.75,0.27,4.05,0.52,15.62,0.4,0,25,50,40,Clayey,Pulses,20-20,118.56601113881
232,7,444,7.6,0.62,1.27,10.56,0.39,7.35,0.66,7.53,0.27,0,25,50,40,Clayey,Pulses,28-28,79.0029165480165
69,5.9,612,7.6,0.52,0.68,4.22,0.51,6.49,1.05,9.32,0.31,0,25,50,40,Clayey,Pulses,Urea,106.903388766937
31,4.6,581,7.5,0.63,1.17,8.14,0.6,4.05,1.96,4.15,0.52,0,25,50,40,Clayey,Pulses,14-35-14,101.206068969856
63,8.3,496,7.4,0.62,0.88,6.94,0.57,6.32,1.32,12.58,0.63,0,25,50,40,Clayey,Pulses,28-28,86.021162703498
132,8.1,433,7.5,0.51,0.78,26.24,0.33,5.21,3.02,4.52,0.55,0,25,50,40,Clayey,Pulses,20-20,75.3380832628865
201,8.6,507,7.7,0.72,0.1,4.22,0.49,8.51,0.75,6.32,0.76,0,25,50,40,Clayey,Pulses,Urea,89.4810408966315
358,8.3,338,7.4,0.64,0.78,7.54,0.35,2.48,1.53,11.89,0.5,1,30,59,31,Red,Tobacco,DAP,65.0035270714912
63,7,422,7.6,0.57,0.59,4.83,0.26,3.15,1.96,9.06,0.38,0,25,50,40,Clayey,Pulses,17-17-17,72.7260813289065
195,7.5,444,7.5,0.64,0.15,9.9,0.34,3.77,0.97,7.83,0.17,0,25,50,40,Clayey,Pulses,28-28,78.2636777487751
207,5.9,507,7.5,0.55,0.44,3.8,0.35,3.24,0.88,7.94,0.19,0,25,50,40,Clayey,Pulses,Urea,89.5829705148183
126,8.3,496,7.6,0.61,0.47,9.6,0.4,3.56,0.74,8.65,0.09,0,25,50,40,Clayey,Pulses,20-20,86.5102990707187
88,7.2,391,7.6,0.63,0.29,6.5,0.26,3.66,0.54,8.4,0.08,0,25,50,40,Clayey,Pulses,17-17-17,67.3547231363736
163,9,338,7.5,0.47,0.97,7.2,0.26,3.84,0.65,9.27,0.11,0,25,50,40,Clayey,Pulses,DAP,59.0349214812077
138,7.7,454,7.6,0.58,0.32,7.5,0.33,3.94,0.6,9.04,0.12,0,25,50,40,Clayey,Pulses,Urea,79.1546341213596
188,4.6,549,7.7,0.53,0.27,7.9,0.34,3.49,0.43,8.45,0.12,0,25,50,40,Clayey,Pulses,20-20,96.7264762470048
195,8.3,475,7.6,0.42,0.15,11.3,0.29,3.56,0.55,8.66,0.17,0,25,50,40,Clayey,Pulses,28-28,83.7277636447563
195,8.1,327,7.61,0.67,0.21,8.6,0.23,3.43,0.7,8.53,0.18,0,25,50,40,Clayey,Pulses,10-26-26,57.8398246924529
264,7.2,444,7.47,0.45,0.35,6.4,0.15,3.95,0.76,8.65,0.11,1,25,50,40,Clayey,Pulses,Urea,79.7411721927518
182,7.7,507,7.46,0.53,0.29,4.4,0.25,2.35,0.55,7.54,0.14,0,25,50,40,Clayey,Pulses,DAP,89.182903347627
188,5.3,496,7.52,0.44,0.35,13.1,0.36,3.19,0.69,7.99,0.17,0,25,50,40,Clayey,Pulses,20-20,87.3272686287944
132,6.8,570,7.43,0.52,0.38,8.9,0.36,2.96,0.8,8.66,0.18,0,25,50,40,Clayey,Pulses,14-35-14,99.8048457940575
213,5.3,433,7.48,0.77,0.47,6,0.37,2.77,0.87,8.94,0.11,0,25,50,40,Clayey,Pulses,10-26-26,76.6828393850378
144,8.3,370,7.46,0.68,0.53,3.7,0.25,2.55,0.99,8.35,0.08,0,25,50,40,Clayey,Pulses,20-20,64.3247942116895
182,5.9,549,7.57,0.78,0.35,5.6,0.29,2.96,0.97,8.6,0.14,0,25,50,40,Clayey,Pulses,28-28,96.6415809784267
182,4.8,433,7.62,0.44,0.29,6.9,0.37,3.16,0.87,8.76,0.16,0,25,50,40,Clayey,Pulses,Urea,76.0951044984245
132,7.2,560,7.54,0.81,0.12,7.2,0.39,3.53,0.95,9.23,0.18,0,25,50,40,Clayey,Pulses,28-28,98.0154323251734
138,6.1,454,7.73,0.66,0.97,7.7,0.37,2.95,1.1,7.65,0.11,0,25,50,40,Clayey,Pulses,Urea,79.1556860818436
207,5.9,391,7.58,0.78,0.76,8.9,0.29,2.54,1.2,7.9,0.13,0,25,50,40,Clayey,Pulses,DAP,69.2218803989984
113,5,370,7.6,0.82,0.71,10.1,0.19,2.75,0.97,7.96,0.18,0,25,50,40,Clayey,Pulses,14-35-14,63.8792037258306
220,7,359,7.67,0.78,0.35,9.6,0.29,2.6,0.85,8.27,0.11,0,25,50,40,Clayey,Pulses,28-28,63.9835834392334
126,8.1,338,7.4,0.67,0.29,9.9,0.34,2.66,0.97,8.55,0.12,0,25,50,40,Clayey,Pulses,20-20,58.3749400108537
163,6.8,327,7.37,0.51,0.38,8.9,0.35,2.93,0.97,8.34,0.12,0,25,50,40,Clayey,Pulses,10-26-26,57.1119857571256
201,7.7,454,7.31,0.44,0.47,9,0.26,3.24,1.05,8.45,0.11,0,25,50,40,Clayey,Pulses,DAP,80.1334241217009
100,8.3,570,7.44,0.41,0.35,13.7,0.34,3.09,1.2,9,0.12,0,25,50,40,Clayey,Pulses,14-35-14,99.5368431356252
69,7,560,7.36,0.47,0.41,4.4,0.29,3.06,1.07,9.26,0.12,0,25,50,40,Clayey,Pulses,Urea,97.5547665122733
289,7.9,465,7.42,0.43,0.35,8.9,0.36,3.24,0.77,9.73,0.14,1,25,50,40,Clayey,Pulses,DAP,83.9868811224961
333,7.5,507,7.53,0.54,0.44,9.6,0.23,2.75,0.85,8.45,0.17,0,25,50,40,Clayey,Pulses,20-20,92.3494783890899
314,7.2,391,7.61,0.52,0.47,3.7,0.34,2.83,0.9,8.66,0.18,1,30,59,31,Red,Tobacco,28-28,72.1128400764676
301,6.8,496,7.57,0.68,1,13.1,0.25,2.65,0.97,8.34,0.11,1,25,50,40,Clayey,Pulses,14-35-14,89.6315068387896
289,8.3,507,7.45,0.49,0.29,4.6,0.4,2.96,0.97,8.25,0.12,1,25,50,40,Clayey,Pulses,10-26-26,91.242672965165
220,5.9,454,7.43,0.67,0.12,8.9,0.33,3.14,0.85,8.97,0.12,0,25,50,40,Clayey,Pulses,Urea,80.5007232925662
232,7.7,549,7.38,0.43,0.44,7.2,0.34,3.25,0.74,8.37,0.17,0,25,50,40,Clayey,Pulses,10-26-26,97.4244513640442
176,7.5,539,7.54,0.65,0.47,6.9,0.35,3.54,0.85,9.05,0.18,0,25,50,40,Clayey,Pulses,DAP,94.7807243859552
188,6.4,496,7.59,0.48,0.35,7.2,0.34,2.76,1,9.76,0.11,0,25,50,40,Clayey,Pulses,14-35-14,87.3265374426524
88,6.8,539,7.43,0.52,0.53,4.4,0.25,2.84,0.83,9.84,0.12,0,25,50,40,Clayey,Pulses,10-26-26,93.8915721642371
82,7.5,507,7.61,0.47,0.5,11.3,0.37,2.96,0.94,8.94,0.17,0,25,50,40,Clayey,Pulses,Urea,88.1072891925416
169,5.9,338,7.57,0.41,0.65,8.6,0.27,3.15,0.99,9.09,0.19,0,25,50,40,Clayey,Pulses,14-35-14,59.16042416582
245,6.1,496,7.42,0.58,0.24,2.5,0.24,2.84,0.94,7.73,0.07,0,25,50,40,Clayey,Pulses,28-28,88.3604452257991
270,7.9,253,7.48,0.57,0.59,3.1,0.24,2.49,0.52,7.74,0.14,1,30,59,31,Red,Tobacco,10-26-26,47.8977752250586
345,8.1,338,7.31,0.41,0.85,6,0.34,2.42,0.65,8.64,0.15,1,30,59,31,Red,Tobacco,Urea,64.4877927700258
333,7.7,275,7.54,0.55,0.47,7.5,0.36,2.53,0.46,8.66,0.18,1,30,59,31,Red,Tobacco,DAP,54.047270836623
282,6.8,306,7.29,0.62,0.44,6.4,0.27,2.65,0.57,8.45,0.1,1,30,59,31,Red,Tobacco,20-20,56.9271722461297
282,8.3,486,7.47,0.51,0.71,3.2,0.26,2.66,0.64,8.57,0.14,1,25,50,40,Clayey,Pulses,urea,87.4390366384462
270,8.1,296,7.41,0.63,0.76,4.2,0.34,2.48,0.63,8.67,0.15,1,30,59,31,Red,Tobacco,Urea,54.85578127719
289,6.1,359,7.39,0.58,0.44,6,0.33,2.36,0.66,7.73,0.09,1,30,59,31,Red,Tobacco,DAP,65.9567329047832
201,7.5,391,7.41,0.54,0.53,7.2,0.23,2.38,0.77,7.84,0.22,0,25,50,40,Clayey,Pulses,14-35-14,69.0906420893673
213,8.3,444,7.35,0.67,0.88,6.3,0.26,2.28,0.48,8.44,0.24,0,25,50,40,Clayey,Pulses,28-28,78.6070878035106
270,6.4,539,7.57,0.61,0.26,4.8,0.27,2.47,0.52,6.95,0.21,1,25,50,40,Clayey,Pulses,Urea,96.3962969484779
207,5.9,348,7.54,0.59,0.29,3,0.37,3.44,0.64,7.46,0.18,0,25,50,40,Clayey,Pulses,17-17-17,61.7629997770179
295,8.3,602,7.68,0.51,0.62,3.1,0.34,2.54,0.43,7.32,0.1,1,25,50,40,Clayey,Pulses,20-20,107.930426746793
251,5.3,338,7.73,0.57,0.82,3.2,0.23,2.68,0.44,7.24,0.09,0,30,59,31,Red,Tobacco,Urea,61.2542729509434
276,6.8,507,7.51,0.41,0.5,4,0.24,2.67,0.57,6.44,0.18,1,25,50,40,Clayey,Pulses,28-28,90.9448381056832
163,7.5,359,7.62,0.67,0.47,4.5,0.24,2.75,0.64,6.56,0.21,0,25,50,40,Clayey,Pulses,14-35-14,62.7200700785864
213,7,327,7.71,0.67,0.74,5.1,0.25,3.46,0.76,8.47,0.1,0,25,50,40,Clayey,Pulses,DAP,58.3052034720695
207,6.1,454,7.4,0.43,0.12,2.5,0.35,3.93,0.88,8.68,0.06,0,25,50,40,Clayey,Pulses,17-17-17,80.2465818772631
200,6.8,391,7.67,0.72,0.35,3,0.37,2.93,0.96,8.65,0.07,0,25,50,40,Clayey,Pulses,Urea,69.0698465887301
301,7.2,412,7.71,0.64,0.32,4,0.29,2.63,0.83,7.76,0.09,1,30,59,31,Red,Tobacco,28-28,75.2607429465298
188,6.4,422,7.78,0.56,0.53,4.2,0.23,2.72,0.43,7.74,0.08,0,25,50,40,Clayey,Pulses,DAP,74.2646783850466
201,7.5,465,7.71,0.48,0.5,5.1,0.22,2.87,0.72,7.72,0.18,0,25,50,40,Clayey,Pulses,17-17-17,82.0700395492595
207,5.9,243,7.62,0.45,0.76,7.2,0.24,2.47,0.73,7.63,0.21,0,30,59,31,Red,Tobacco,Urea,43.9243332473655
307,6.6,401,7.53,0.71,0.82,3,0.34,2.93,0.67,7.84,0.24,1,30,59,31,Red,Tobacco,28-28,73.5781234192621
207,7.7,380,7.64,0.67,0.26,4.2,0.26,3.93,0.68,8.85,0.27,0,25,50,40,Clayey,Pulses,Urea,67.3063135347605
326,8.3,285,7.38,0.82,0.88,4.3,0.27,3.63,0.63,8.96,0.18,1,30,59,31,Red,Tobacco,DAP,55.2923644692824
270,6.8,296,7.59,0.33,0.56,5.1,0.26,3.74,0.74,8.73,0.15,1,30,59,31,Red,Tobacco,20-20,54.8570755817417
195,4.8,496,7.43,0.67,0.85,3.5,0.27,2.45,0.74,6.73,0.18,0,25,50,40,Clayey,Pulses,17-17-17,87.4400864300629
182,8.3,338,7.61,0.58,0.88,4.2,0.26,2.56,0.71,7.83,0.16,0,25,50,40,Clayey,Pulses,DAP,59.4395819641581
295,4.8,348,7.77,0.61,0.24,2.5,0.25,2.84,0.12,7.73,0.07,1,30,59,31,Red,Tobacco,Urea,64.3168459276799
151,7.5,327,7.63,0.73,0.29,4.8,0.33,2.49,0.63,7.23,0.18,0,25,50,40,Clayey,Pulses,20-20,56.8707430734941
333,5.9,391,7.44,0.66,0.26,5,0.26,3.51,0.25,7.35,0.15,1,30,59,31,Red,Tobacco,28-28,72.7323874777024
157,6.4,327,7.45,0.34,0.5,5.1,0.35,2.56,0.14,8.75,0.14,0,25,50,40,Clayey,Pulses,14-35-14,56.9897899006749
370,5,496,7.62,0.41,0.76,6.2,0.34,2.44,0.25,8.36,0.09,1,30,59,31,Red,Tobacco,Urea,91.5229067771976
163,5.9,317,7.43,0.38,0.59,3.5,0.34,3.43,0.16,8.32,0.1,0,25,50,40,Clayey,Pulses,DAP,55.366600003072
377,6.8,327,7.51,0.85,0.26,4,0.25,3.63,1.08,7.84,0.13,1,30,59,31,Red,Tobacco,20-20,64.0593289685809
264,7.9,391,7.34,0.61,0.24,3,0.25,2.44,0.22,7.44,0.21,1,25,50,40,Clayey,Pulses,28-28,70.6361355946484
358,7.2,359,7.49,0.67,0.5,2.5,0.26,2.64,0.29,7.55,0.19,1,30,59,31,Red,Tobacco,DAP,68.3775437918784
320,4.6,422,7.38,0.53,0.76,6,0.24,2.74,0.18,7.66,0.07,1,30,59,31,Red,Tobacco,Urea,77.5177609817072
126,7.5,444,7.67,0.7,0.74,7.1,0.35,2.43,1.96,7.77,0.1,0,25,50,40,Clayey,Pulses,14-35-14,77.2259327853764
333,6.8,327,7.53,0.62,0.38,3.5,0.26,3.44,0.45,7.84,0.12,1,30,59,31,Red,Tobacco,28-28,62.2508102075613
213,8.6,348,7.62,0.64,0.15,4,0.27,3.45,0.86,8.43,0.13,0,25,50,40,Clayey,Pulses,Urea,61.9106172310735
245,5.9,285,7.61,0.71,0.24,4.8,0.34,2.56,0.1,7.54,0.15,0,30,59,31,Red,Tobacco,14-35-14,52.1747007381315
157,5,401,7.58,0.45,0.21,3.5,0.32,2.67,0.64,7.45,0.19,0,25,50,40,Clayey,Pulses,DAP,70.0211925766851
213,5.7,507,7.66,0.63,0.47,4.8,0.33,2.74,0.73,7.68,0.18,0,25,50,40,Clayey,Pulses,17-17-17,89.6864457156349
82,7.5,391,7.65,0.78,0.76,6,0.27,4.44,0.83,7.73,0.21,0,25,50,40,Clayey,Pulses,DAP,67.3012223408506
195,5.9,422,7.66,0.53,0.74,7.1,0.27,3.44,0.43,8.74,0.25,0,25,50,40,Clayey,Pulses,20-20,74.397264959852
100,6.8,560,7.71,0.67,1.03,6.2,0.38,2.45,1.54,8.25,0.07,0,25,50,40,Clayey,Pulses,14-35-14,97.7434756061247
238,5.7,454,7.61,0.62,1.09,3.5,0.34,2.56,1.1,7.36,0.14,0,25,50,40,Clayey,Pulses,28-28,80.8773525280895
213,59.2,539,7.54,0.44,0.82,4,0.33,2.67,0.64,7.58,0.1,0,34,65,45,Clayey,Paddy,Urea,95.3775901231163
6,7.2,285,7.42,0.53,0.82,2.8,0.34,2.68,0.73,7.34,0.12,0,25,50,40,Clayey,Pulses,DAP,47.8936285371311
257,6.4,243,7.43,0.58,0.26,3.9,0.34,3.74,0.84,8.94,0.13,0,30,59,31,Red,Tobacco,14-35-14,45.7797146333541
188,5.7,317,7.52,0.62,0.29,4.2,0.25,3.43,0.09,8.84,0.08,0,25,50,40,Clayey,Pulses,20-20,55.9430336955366
144,8.3,296,7.47,0.58,0.53,3.5,0.24,3.43,0.93,7.45,0.09,0,25,50,40,Clayey,Pulses,28-28,51.2973678381463
238,6.8,327,7.54,0.43,0.79,4.8,0.35,2.44,0.93,7.36,0.09,0,30,59,31,Red,Tobacco,Urea,59.0075355214366
157,5,444,7.33,0.59,0.76,6.2,0.34,2.45,0.83,7.98,0.18,0,25,50,40,Clayey,Pulses,14-35-14,77.6382814565696
195,6.8,391,7.48,0.37,0.15,3.5,0.23,2.56,0.62,7.35,0.1,0,25,50,40,Clayey,Pulses,28-28,68.9648524765927
63,5.9,454,7.53,0.65,0.12,6,0.23,3.43,0.43,8.24,0.18,0,25,50,40,Clayey,Pulses,20-20,78.4752718742108
238,7.2,444,7.51,0.58,0.1,5.43,0.38,7.05,1.56,8.63,0.73,0,25,50,40,Clayey,Pulses,Urea,79.1343003153398
163,7.5,560,7.43,0.59,0.49,7.54,0.51,4.63,0.85,12.84,0.48,0,25,50,40,Clayey,Pulses,DAP,98.3533927400882
232,6.1,391,7.47,0.63,0.2,10.26,0.6,8.02,1.53,9.63,0.32,0,25,50,40,Clayey,Pulses,17-17-17,69.8028285032616
132,6.8,327,7.71,0.61,0.59,5.13,0.79,6.32,1.87,7.51,0.55,0,25,50,40,Clayey,Pulses,28-28,56.5277307709149
207,7.5,444,7.64,0.44,0.39,8.75,0.53,5.5,1.25,13.25,0.42,0,25,50,40,Clayey,Pulses,Urea,78.4896283927548
195,8.1,327,7.62,0.62,0.29,6.33,0.48,9.06,0.63,18.54,0.25,0,25,50,40,Clayey,Pulses,20-20,57.8398246924529
138,6.6,317,7.53,0.53,1.07,11.16,0.35,7.51,0.8,11.69,0.34,0,25,50,40,Clayey,Pulses,17-17-17,54.8698743802602
251,7.5,359,7.41,0.51,0.68,4.52,0.29,4.56,1.35,12.58,0.69,0,25,50,40,Clayey,Pulses,DAP,64.8192471657006
207,6.8,433,7.57,0.62,0.39,8.14,0.62,8.04,1.74,9.63,0.8,0,25,50,40,Clayey,Pulses,Urea,76.5608290160941
307,7.2,338,7.41,0.42,0.78,11.76,0.47,5.26,0.65,11.53,0.57,1,30,59,31,Red,Tobacco,20-20,63.0727162514617
264,5.3,422,7.67,0.63,0.49,6.64,0.51,9.26,0.84,8.56,0.48,0,25,50,40,Clayey,Pulses,28-28,75.9502864553932
201,7.5,348,7.63,0.43,0.1,5.43,0.38,7.51,1.32,17.59,0.34,0,25,50,40,Clayey,Pulses,10-26-26,61.6158765238613
257,8.1,444,7.62,0.51,0.59,3.62,0.57,8.02,1.85,9.53,0.42,0,25,50,40,Clayey,Pulses,Urea,79.5713742293452
144,5,327,7.71,0.71,0.39,7.84,0.36,5.03,0.69,11.06,0.31,0,25,50,40,Clayey,Pulses,DAP,56.7412362809297
251,5.7,275,7.53,0.54,0.88,9.35,0.47,9.22,1.02,5.09,0.44,0,30,59,31,Red,Tobacco,20-20,50.7328088354257
182,7.5,338,7.51,0.61,0.29,2.8,0.24,2.84,0.94,7.73,0.14,0,25,50,40,Clayey,Pulses,14-35-14,59.4402054322971
289,14.5,549,7.18,0.64,0.26,3.1,0.23,2.44,0.42,6.74,0.24,1,25,50,40,Clayey,Pulses,10-26-26,98.5429585136666
75,8.1,327,7.61,0.51,0.53,4.2,0.25,3.33,0.56,6.75,0.18,0,25,50,40,Clayey,Pulses,20-20,55.7775783913187
220,9,401,7.67,0.62,0.79,3.5,0.23,2.87,0.47,7.76,0.21,0,25,50,40,Clayey,Pulses,28-28,71.2501447961063
282,7,401,7.71,0.48,0.18,2.5,0.24,2.48,0.67,7.64,0.1,1,25,50,40,Clayey,Pulses,Urea,72.8469885171297
195,6.6,391,7.65,0.54,0.24,3.5,0.34,2.43,0.74,4.64,0.12,0,25,50,40,Clayey,Pulses,28-28,68.9650067183377
176,8.6,507,7.67,0.58,0.79,4.8,0.27,3.56,0.64,5.73,0.09,0,25,50,40,Clayey,Pulses,Urea,89.0943216629916
182,7.7,444,7.72,0.56,0.82,4.1,0.27,2.68,0.55,6.77,0.06,0,25,50,40,Clayey,Pulses,DAP,78.0337978367289
226,8.3,465,7.68,0.62,0.5,6,0.27,2.48,0.44,6.77,0.19,0,25,50,40,Clayey,Pulses,14-35-14,82.546567908386
257,7.9,380,7.7,0.64,0.47,7.2,0.34,3.44,0.67,6.84,0.09,0,25,50,40,Clayey,Pulses,28-28,68.5649997414875
276,9.2,338,7.71,0.48,0.76,3.5,0.24,2.54,0.64,7.77,0.12,1,30,59,31,Red,Tobacco,20-20,62.0227325611859
270,9,475,7.65,0.44,0.71,4.8,0.24,3.63,0.74,7.75,0.15,1,25,50,40,Clayey,Pulses,10-26-26,85.2490722549027
295,78.9,454,7.76,0.39,0.41,5.2,0.25,2.74,0.44,8.73,0.21,1,34,65,45,Clayey,Paddy,DAP,82.3678356399761
232,7,465,7.62,0.54,0.44,6.2,0.36,2.82,0.64,8.52,0.1,0,25,50,40,Clayey,Pulses,14-35-14,82.6698987225215
245,9.6,528,7.77,0.52,0.74,3.5,0.27,2.43,0.63,7.46,0.08,0,25,50,40,Clayey,Pulses,Urea,93.9676080952947
251,9,444,7.65,0.6,0.71,4.2,0.28,3.74,0.73,8.63,0.07,0,25,50,40,Clayey,Pulses,DAP,79.4292412494483
213,8.6,433,7.63,0.65,0.24,5.3,0.39,3.74,0.65,7.72,0.18,0,25,50,40,Clayey,Pulses,20-20,76.6806120378195
339,7.5,665,7.6,0.55,0.68,4.2,0.28,3.85,0.43,6.73,0.21,1,25,50,40,Clayey,Pulses,28-28,119.857215993196
351,14.9,327,7.4,0.44,0.82,3.8,0.29,2.46,0.63,7.72,0.1,1,30,59,31,Red,Tobacco,14-35-14,62.9642924028648
264,5,486,7.5,0.46,0.5,4.2,0.27,2.47,0.66,8.75,0.12,0,25,50,40,Clayey,Pulses,10-26-26,87.0240993861019
358,12.3,612,7.3,0.53,0.5,3.5,0.24,2.58,0.74,8.72,0.12,1,25,50,40,Clayey,Pulses,Urea,111.065316108962
370,11.2,655,7.1,0.67,0.24,4,0.23,2.63,0.73,8.43,0.15,1,25,50,40,Clayey,Pulses,10-26-26,118.800124450017
333,7,581,7.8,0.68,0.53,4.1,0.23,3.73,0.75,7.53,0.18,1,25,50,40,Clayey,Pulses,DAP,105.104249255075
282,9.9,391,7.2,0.52,0.15,4.3,0.24,3.77,0.65,7.64,0.1,1,30,59,31,Red,Tobacco,14-35-14,71.1440441483474
257,7.5,887,7.5,0.29,0.79,4.5,0.26,2.84,0.67,6.76,0.12,1,25,50,40,Clayey,Pulses,10-26-26,157.788874058317
301,12.9,634,7.6,0.6,0.82,6,0.24,2.43,0.78,7.68,0.12,1,25,50,40,Clayey,Pulses,Urea,113.65634612909
333,6.6,729,7.2,0.31,0.38,7.1,0.24,2.94,0.83,7.63,0.15,1,25,50,40,Clayey,Pulses,14-35-14,130.953175514644
195,11.2,348,7.1,0.52,0.44,3.5,0.34,2.94,0.94,8.44,0.15,0,25,50,40,Clayey,Pulses,28-28,61.4719285892613
314,11.4,475,7.4,0.31,0.41,4.5,0.26,2.85,0.45,6.58,0.1,1,25,50,40,Clayey,Pulses,10-26-26,86.3580800094195
351,6.8,813,7.5,0.43,0.24,3.5,0.28,2.48,0.12,7.72,0.07,1,25,50,40,Clayey,Pulses,Urea,146.065335791549
339,8.1,549,7.3,0.36,0.26,4.1,0.27,2.58,0.63,7.44,0.09,1,25,50,40,Clayey,Pulses,DAP,99.7203836005678
264,14.3,486,7.4,0.65,0.59,5.2,0.27,2.47,0.45,7.54,0.08,1,25,50,40,Clayey,Pulses,20-20,87.0202183819846
169,5.3,327,7.6,0.34,0.78,4.52,0.26,5.26,1.02,6.32,0.48,0,25,50,40,Clayey,Pulses,Urea,57.2405476836798
333,7.9,465,7.5,0.68,0.88,7.84,0.38,2.51,0.86,15.02,0.59,1,30,59,31,Red,Tobacco,DAP,85.1853315614343
370,9.4,729,7.3,0.59,0.1,5.13,0.51,8.05,0.53,11.25,0.29,1,25,50,40,Clayey,Pulses,14-35-14,131.688915636087
326,6.8,433,7.1,0.57,0.78,6.64,0.24,4.21,1.25,4.51,0.42,1,30,59,31,Red,Tobacco,28-28,79.5547881314559
251,10.7,528,7.4,0.42,0.59,4.22,0.22,9.02,1.03,9.32,0.32,1,25,50,40,Clayey,Pulses,Urea,94.084086900639
301,4.4,507,7.3,0.31,0.29,5.43,0.37,10.52,0.87,10.52,0.67,1,25,50,40,Clayey,Pulses,17-17-17,91.5322232059156
270,10.5,560,7.2,0.3,1.07,6.64,0.48,7.45,1.54,15.33,0.27,1,25,50,40,Clayey,Pulses,20-20,100.070315111017
320,7.5,475,7.1,0.34,0.78,3.62,0.25,6.32,0.96,4.85,0.48,1,25,50,40,Clayey,Pulses,Urea,86.5231423170225
282,9.4,570,7.5,0.65,0.39,5.13,0.39,2.05,1.02,12.06,0.34,1,25,50,40,Clayey,Pulses,28-28,102.064323805441
301,9.9,549,7.6,0.33,0.98,7.54,0.45,8.12,0.53,8.54,0.42,1,25,50,40,Clayey,Pulses,14-35-14,98.8099522134247
295,7,602,7.2,0.68,0.49,9.65,0.26,6.02,0.55,10.26,0.31,1,25,50,40,Clayey,Pulses,DAP,107.931001924519
339,10.3,729,7.4,0.66,0.1,4.22,0.33,7.45,1.23,13.26,0.61,1,25,50,40,Clayey,Pulses,17-17-17,131.066334990215
201,6.6,539,7.5,0.6,0.29,5.43,0.28,4.12,1.09,17.54,0.34,0,25,50,40,Clayey,Pulses,Urea,95.1448179092037
320,7.9,486,7.6,0.59,0.88,6.64,0.27,6.33,0.63,11.02,0.46,1,25,50,40,Clayey,Pulses,28-28,88.4041691766395
289,10.7,549,7.3,0.37,0.39,4.83,0.45,5.02,1.84,19.22,0.17,1,25,50,40,Clayey,Pulses,DAP,98.5437083259445
251,6.8,528,7.2,0.24,0.68,9.65,0.29,9.32,0.53,11.32,0.29,0,25,50,40,Clayey,Pulses,17-17-17,94.0858055993662
276,12.7,612,7.4,0.42,0.59,5.43,0.33,1.54,0.78,7.63,0.5,1,25,50,40,Clayey,Pulses,Urea,109.31371007171
370,11.8,686,7.5,0.61,0.49,7.24,0.26,2.63,0.66,12.05,0.61,1,25,50,40,Clayey,Pulses,28-28,124.188019547025
207,12.3,496,7.6,0.57,0.2,5.73,0.35,8.55,1.25,14.51,0.32,0,25,50,40,Clayey,Pulses,Urea,87.6387364768343
295,7.2,348,7.8,0.55,0.1,7.54,0.24,6.33,1.02,3.25,0.42,1,30,59,31,Red,Tobacco,DAP,64.3144984341885
351,14.7,380,7.9,0.43,0.78,3.92,0.27,4.02,1.84,9.32,0.29,1,30,59,31,Red,Tobacco,20-20,71.534479758029
282,5.5,570,7.3,0.48,1.07,6.64,0.49,3.25,0.59,7.15,0.4,1,25,50,40,Clayey,Pulses,17-17-17,102.066192206337
307,7,422,8,0.56,0.2,5.13,0.32,8.05,0.74,8.21,0.25,1,30,59,31,Red,Tobacco,DAP,77.1321580868449
364,8.6,718,7.4,0.53,0.68,4.22,0.25,1.96,0.48,14.05,0.42,1,25,50,40,Clayey,Pulses,Urea,129.64140243296
257,13.4,433,7.9,0.51,1.17,9.65,0.29,3.02,1.33,15.02,0.32,1,25,50,40,Clayey,Pulses,20-20,77.6669379653037
251,10.5,412,7.3,0.59,0.88,5.43,0.33,4.51,1.42,8.26,0.46,1,25,50,40,Clayey,Pulses,28-28,73.8950316354314
326,9.2,560,7.6,0.64,0.98,8.75,0.45,6.33,0.91,6.23,0.29,1,25,50,40,Clayey,Pulses,14-35-14,101.299877466263
270,6.6,591,7.8,0.3,0.59,3.32,0.28,7.02,0.83,9.24,0.44,1,25,50,40,Clayey,Pulses,Urea,105.511696127912
339,9.6,655,7.3,0.35,0.39,5.13,0.56,3.05,1.02,11.05,0.34,1,25,50,40,Clayey,Pulses,DAP,118.110325663908
207,7.2,581,8.1,0.32,0.1,7.84,0.25,2.08,1.85,17.56,0.63,0,25,50,40,Clayey,Pulses,20-20,102.681035752223
351,9.9,570,7.4,0.36,0.68,9.65,0.33,3.79,1.33,13.05,0.31,1,25,50,40,Clayey,Pulses,28-28,103.640598159194
282,8.3,708,7.2,0.68,0.88,5.43,0.26,2.6,0.87,6.33,0.17,1,25,50,40,Clayey,Pulses,DAP,126.347100374252
151,6.8,517,7.3,0.75,0.2,4.22,0.27,6.52,0.62,11.36,0.4,0,25,50,40,Clayey,Pulses,Urea,90.5425576969212
295,9.9,486,7.4,0.21,0.39,6.64,0.32,3.21,1.25,5.25,0.23,1,25,50,40,Clayey,Pulses,14-35-14,87.7556051659557
270,7.9,612,7.5,0.45,0.59,5.43,0.28,4.21,0.94,7.32,0.34,0,25,50,40,Clayey,Pulses,28-28,109.204176175307
238,3.9,391,7.6,0.57,0.1,8.75,0.51,2.15,0.63,13.54,0.61,0,25,50,40,Clayey,Pulses,Urea,69.9536181171217
264,9.4,876,7.8,0.38,0.29,3.92,0.26,3.51,0.69,11.68,0.46,1,25,50,40,Clayey,Pulses,14-35-14,155.913785218404
370,9.2,644,7.9,0.61,0.78,5.13,0.33,7.21,1.25,3.47,0.36,1,25,50,40,Clayey,Pulses,DAP,116.893168272489
289,7.5,486,7.8,0.46,1.17,6.64,0.27,3.02,1.85,5.69,0.69,1,25,50,40,Clayey,Pulses,17-17-17,87.6086357396414
251,9.4,454,7.8,0.39,0.88,4.52,0.48,2.77,0.87,8.23,0.53,0,25,50,40,Clayey,Pulses,DAP,81.1647588031321
320,8.1,507,8.3,0.65,0.1,8.45,0.52,5.66,1.32,14.05,0.4,1,25,50,40,Clayey,Pulses,20-20,92.0070935230385
333,7.7,570,7.4,0.37,0.98,4.22,0.26,3.14,1.54,19.25,0.55,1,25,50,40,Clayey,Pulses,14-35-14,103.198893097185
282,4.8,560,7.8,0.45,0.88,9.95,0.39,6.02,0.86,13.42,0.73,1,25,50,40,Clayey,Pulses,28-28,100.317761981597
264,7.9,602,7.6,0.49,0.1,4.83,0.51,4.22,0.53,5.15,0.48,0,25,50,40,Clayey,Pulses,Urea,107.334438115659
257,6.8,475,7.5,0.41,0.78,8.45,0.28,4.05,0.84,6.8,0.23,0,25,50,40,Clayey,Pulses,DAP,84.9525749888767
276,12.9,517,7.6,0.48,0.59,4.52,0.47,3.39,1.02,14.5,0.27,1,25,50,40,Clayey,Pulses,14-35-14,92.6828930196569
364,8.3,581,7.8,0.43,0.68,9.95,0.25,4.22,1.98,16.23,0.5,1,25,50,40,Clayey,Pulses,20-20,105.865418149696
358,11.2,591,7.9,0.59,1.17,4.22,0.32,2.58,1.25,5.47,0.73,1,25,50,40,Clayey,Pulses,28-28,107.436463707354
351,11,539,7.3,0.51,0.88,6.64,0.29,5.33,1.05,8.32,0.34,1,25,50,40,Clayey,Pulses,Urea,98.3116814151342
370,7,623,7.4,0.65,1.27,5.13,0.33,4.21,1.47,9.24,0.32,1,25,50,40,Clayey,Pulses,14-35-14,113.259372320537
314,7.2,528,7.9,0.69,0.78,6.33,0.45,2.63,0.96,11.06,0.5,1,25,50,40,Clayey,Pulses,28-28,95.4764955587467
201,6.8,433,7.23,0.33,0.49,4.83,0.26,4.05,0.43,4.78,0.25,0,25,50,40,Clayey,Pulses,20-20,76.4433047056232
213,7.5,475,7.16,0.3,0.1,6.64,0.38,6.21,0.58,19.25,0.4,0,25,50,40,Clayey,Pulses,Urea,84.0497331266227
169,8.3,570,7.03,0.36,0.68,5.13,0.6,7.22,0.85,3.89,0.34,0,25,50,40,Clayey,Pulses,DAP,100.208719731565
201,5.9,560,7,0.42,0.88,8.14,0.48,6.05,1.02,6.02,0.55,0,25,50,40,Clayey,Pulses,17-17-17,98.8675396723064
270,5,602,7,0.36,0.39,10.56,0.32,3.54,1.47,11.57,0.67,0,25,50,40,Clayey,Pulses,28-28,107.446272787696
238,7,475,6.96,0.44,1.17,5.73,0.28,5.63,1.25,5.32,0.52,0,25,50,40,Clayey,Pulses,Urea,84.5426940300245
176,6.1,444,9.97,0.35,0.78,8.14,0.74,4.36,0.54,12.05,0.34,0,25,50,40,Clayey,Pulses,20-20,77.9341315024902
245,8.6,454,7,0.36,0.1,9.95,0.59,3.05,0.63,7.48,0.55,0,25,50,40,Clayey,Pulses,17-17-17,81.0296518820511
201,7.2,454,7.16,0.4,0.39,8.75,0.32,4.63,0.95,6.32,0.69,0,25,50,40,Clayey,Pulses,DAP,80.1337292193593
207,7.2,655,7.02,0.32,0.59,5.43,0.48,5.74,1.25,14.85,0.53,0,25,50,40,Clayey,Pulses,Urea,115.830912965965
257,5.3,644,7.01,0.33,0.29,9.95,0.62,5.63,1.39,12.05,0.71,0,25,50,40,Clayey,Pulses,20-20,114.623125641015
220,7.5,539,7.05,0.38,0.68,12.07,0.43,8.52,0.78,8.62,0.29,0,25,50,40,Clayey,Pulses,28-28,95.4528973870751
295,5.5,412,7,0.41,0.49,7.84,0.24,3.55,0.54,13.47,0.53,1,30,59,31,Red,Tobacco,10-26-26,75.0893663454976
213,5.9,454,7.05,0.37,0.29,5.43,0.51,3.02,1.25,9.06,0.36,0,25,50,40,Clayey,Pulses,Urea,80.3620767794859
201,6.8,475,7.07,0.26,0.1,3.92,0.38,4.15,0.39,13.26,0.63,0,25,50,40,Clayey,Pulses,DAP,83.8326916293202
345,6.8,475,7,0.67,0.88,5.13,0.5,6.52,0.41,14.15,0.27,1,30,59,31,Red,Tobacco,20-20,87.2299399540079
188,5.9,539,7.14,0.6,0.39,8.45,0.46,7.54,1.05,11.25,0.53,0,25,50,40,Clayey,Pulses,14-35-14,94.9501099924535
207,6.8,560,7.17,0.66,0.78,6.94,0.32,6.32,1.39,10.25,0.5,0,25,50,40,Clayey,Pulses,10-26-26,98.9579343346632
320,8.3,591,7.08,0.39,0.2,5.13,0.33,8.05,0.25,18.25,0.25,0,25,50,40,Clayey,Pulses,20-20,106.542332618248
220,5.7,591,7.12,0.3,0.59,6.64,0.46,3.59,1.36,9.05,0.32,0,25,50,40,Clayey,Pulses,28-28,104.651530498902
213,7,623,7.1,0.32,0.29,5.73,0.59,5.55,1.08,12.06,0.29,0,25,50,40,Clayey,Pulses,Urea,110.223553478932
264,7.5,655,7.19,0.65,0.98,7.24,0.38,8.06,0.65,13.22,0.42,0,25,50,40,Clayey,Pulses,28-28,116.682362905175
195,8.1,612,7.15,0.64,0.1,3.32,0.26,3.47,0.93,11.52,0.34,0,25,50,40,Clayey,Pulses,Urea,108.020410247081
182,7.5,465,7.31,0.52,0.88,7.84,0.7,9.55,0.84,10.52,0.63,0,25,50,40,Clayey,Pulses,DAP,81.7443830011463
201,6.4,444,7.14,0.59,0.2,3.92,0.63,4.85,1.23,7.54,0.17,0,25,50,40,Clayey,Pulses,14-35-14,78.3757228003047
232,7.5,750,7.16,0.62,0.68,7.24,0.4,3.86,1.58,9.06,0.29,0,25,50,40,Clayey,Pulses,28-28,133.066782239981
169,7.2,718,7.17,0.82,0.1,11.46,0.49,7.54,1.04,8.52,0.32,0,25,50,40,Clayey,Pulses,20-20,126.641802338096
238,5.7,655,7.21,0.59,0.88,7.54,0.53,4.25,0.68,12.03,0.5,0,25,50,40,Clayey,Pulses,10-26-26,116.269300705584
201,5.9,665,7.23,0.62,0.49,5.73,0.61,6.85,0.79,14.86,0.73,0,25,50,40,Clayey,Pulses,DAP,117.535030773759
69,5,718,7.21,0.57,0.39,10.86,0.38,7.05,0.32,7.52,0.8,0,25,50,40,Clayey,Pulses,14-35-14,125.965698153736
213,4.8,602,7.24,0.48,0.68,4.22,0.42,8.85,1.05,12.33,0.48,0,25,50,40,Clayey,Pulses,Urea,106.496700796831
207,6.8,623,7.24,0.53,0.78,5.13,0.5,4.68,1.45,11.85,0.36,0,25,50,40,Clayey,Pulses,DAP,110.139574872396
213,6.6,433,7.21,0.57,0.2,8.75,0.37,9.32,0.96,16.05,0.42,0,25,50,40,Clayey,Pulses,20-20,76.6818649985097
314,6.8,412,7.19,0.32,1.07,9.95,0.61,7.86,1.03,5.96,0.34,1,30,59,31,Red,Tobacco,28-28,75.6463519846566
138,6.4,454,7.21,0.89,0.88,8.75,0.59,4.51,1.85,7.45,0.63,0,25,50,40,Clayey,Pulses,14-35-14,79.1554747516185
195,8.1,549,7.24,0.57,1.17,3.32,0.4,3.78,1.49,12.63,0.27,0,25,50,40,Clayey,Pulses,10-26-26,96.826025103286
201,8.3,528,7.3,0.49,0.1,5.43,0.39,8.05,1.3,18.52,0.21,0,25,50,40,Clayey,Pulses,Urea,93.1960115462957
151,7.5,539,7.26,0.55,0.68,7.84,0.6,6.55,0.52,10.96,0.52,0,25,50,40,Clayey,Pulses,10-26-26,94.4657994197419
201,8.6,539,7.2,0.67,0.49,11.16,0.43,7.41,1.23,16.53,0.59,0,25,50,40,Clayey,Pulses,DAP,95.1438080897567
82,7.5,644,7.18,0.45,0.88,12.07,0.28,3.89,0.87,6.32,0.42,0,25,50,40,Clayey,Pulses,14-35-14,112.717067277092
207,5.5,444,7.27,0.45,0.78,8.75,0.36,4.58,0.69,14.02,0.34,0,25,50,40,Clayey,Pulses,10-26-26,78.4910127710478
201,8.6,475,7.22,0.64,0.59,8.14,0.55,7.08,1.05,19.32,0.36,0,25,50,40,Clayey,Pulses,Urea,83.8316724347296
132,8.3,507,7.21,0.44,0.29,6.03,0.6,6.32,1.56,11.25,0.59,0,25,50,40,Clayey,Pulses,14-35-14,88.539582531216
264,4.8,549,7.27,0.78,1.07,8.45,0.41,4.58,0.86,8.02,0.29,0,25,50,40,Clayey,Pulses,28-28,98.025819098996
301,6.8,644,7.22,0.69,0.78,9.35,0.66,7.05,1.32,13.22,0.38,1,25,50,40,Clayey,Pulses,10-26-26,115.412760304385
195,5.9,433,7.26,0.7,0.39,5.13,0.38,6.58,1.02,10.52,0.5,0,25,50,40,Clayey,Pulses,Urea,76.3298196483484
238,6.8,475,7.25,0.6,0.29,5.43,0.28,4.85,0.63,7.54,0.36,0,25,50,40,Clayey,Pulses,DAP,84.5428171453937
138,8.1,644,7.31,0.31,0.1,9.05,0.51,7.05,0.57,16.32,0.4,0,25,50,40,Clayey,Pulses,20-20,113.107178013243
213,6.8,444,7.07,0.43,0.78,5.73,0.39,3.86,1.25,8.22,0.27,0,25,50,40,Clayey,Pulses,Urea,78.6080099522916
201,7.5,465,7.03,0.37,1.07,7.84,0.47,4.15,1.33,14.33,0.32,0,25,50,40,Clayey,Pulses,DAP,82.0700395492595
163,7.7,507,7.14,0.31,0.88,5.43,0.56,9.52,0.95,4.96,0.48,0,25,50,40,Clayey,Pulses,14-35-14,88.9140435918838
88,7.2,655,7.07,0.28,0.49,7.24,0.33,7.55,1.02,3.25,0.36,0,25,50,40,Clayey,Pulses,28-28,114.725458884473
50,8.6,539,7.06,0.39,0.68,3.32,0.28,2.36,1.33,8.15,0.46,0,25,50,40,Clayey,Pulses,Urea,93.6974950580272
220,6.1,560,7.07,0.28,0.29,5.13,0.51,8.25,0.94,11.36,0.25,0,25,50,40,Clayey,Pulses,17-17-17,99.1644034021702
169,8.1,475,7.17,0.34,0.78,5.73,0.39,1.25,0.67,7.54,0.34,0,25,50,40,Clayey,Pulses,20-20,83.313224539686
207,7,539,7.12,0.32,0.2,7.84,0.25,9.02,1.25,10.22,0.48,0,25,50,40,Clayey,Pulses,Urea,95.2390465550924
144,6.8,422,7.1,0.31,0.78,6.94,0.37,4.15,1.03,9.06,0.31,0,25,50,40,Clayey,Pulses,28-28,73.5434646676063
251,6.4,644,7.12,0.32,0.1,5.43,0.47,3.22,1.93,15.23,0.4,0,25,50,40,Clayey,Pulses,14-35-14,114.524279902922
195,8.1,581,7.15,0.41,0.68,9.65,0.28,7.55,0.84,17.54,0.53,0,25,50,40,Clayey,Pulses,DAP,102.508002793283
201,8.3,539,7.12,0.4,1.17,4.52,0.32,6.35,1.02,13.22,0.63,0,25,50,40,Clayey,Pulses,17-17-17,95.1439442356822
88,7.7,539,7.12,0.35,0.88,6.64,0.58,8.52,0.57,10.25,0.31,0,25,50,40,Clayey,Pulses,Urea,93.8910924944731
201,8.6,570,7.11,0.38,0.2,5.13,0.24,4.02,1.25,6.32,0.21,0,25,50,40,Clayey,Pulses,28-28,100.640256723676
257,6.8,475,7.14,0.33,0.59,4.22,0.39,9.63,0.63,8.54,0.53,0,25,50,40,Clayey,Pulses,DAP,84.9525749888767
176,4.8,496,7.15,0.32,0.39,6.64,0.22,1.58,1.22,12.03,0.67,0,25,50,40,Clayey,Pulses,17-17-17,87.1444031059633
201,8.3,655,7.15,0.36,0.1,5.43,0.58,7.25,1.54,9.62,0.27,0,25,50,40,Clayey,Pulses,Urea,115.752818082484
88,9,539,7.14,0.29,1.07,7.84,0.42,6.32,0.86,14,0.53,0,25,50,40,Clayey,Pulses,28-28,93.890486736584
232,8.1,412,7.21,0.29,0.78,10.56,0.32,4.15,1.02,13.25,0.63,0,25,50,40,Clayey,Pulses,Urea,73.4365921939824
320,7.5,401,7.22,0.4,0.49,4.22,0.27,8.33,0.94,7.54,0.31,1,30,59,31,Red,Tobacco,DAP,73.9794824549936
201,6.6,560,7.23,0.36,0.39,4.52,0.51,7.12,1.25,9.33,0.46,0,25,50,40,Clayey,Pulses,20-20,98.8671448814561
69,9,465,7.2,0.52,0.88,8.45,0.28,4.11,1.02,11.52,0.59,0,25,50,40,Clayey,Pulses,17-17-17,80.4836669737971
220,5.5,391,7.23,0.29,0.29,4.22,0.33,6.32,0.96,12.05,0.34,0,25,50,40,Clayey,Pulses,DAP,69.5165125852711
138,8.6,475,7.28,0.27,0.68,4.83,0.39,2.52,0.74,14.51,0.42,0,25,50,40,Clayey,Pulses,Urea,82.8965605114091
232,6.6,581,7.3,0.31,0.2,6.94,0.25,1.36,1.25,9.63,0.27,0,25,50,40,Clayey,Pulses,20-20,103.073985908953
301,6.8,634,7.29,0.43,0.49,5.13,0.47,7.05,1.33,12.44,0.55,1,25,50,40,Clayey,Pulses,28-28,113.65823379415
195,7,655,7.3,0.36,0.1,7.54,0.26,1.52,0.94,7.85,0.61,0,25,50,40,Clayey,Pulses,14-35-14,115.678011080622
326,8.3,475,7.35,0.38,0.59,11.76,0.35,4.55,1.25,13.26,0.32,1,25,50,40,Clayey,Pulses,Urea,86.6889204598509
213,8.3,433,7.35,0.36,1.07,4.22,0.28,6.32,1.03,8.54,0.42,0,25,50,40,Clayey,Pulses,DAP,76.6807809649637
169,5.9,539,7.29,0.33,0.39,7.54,0.36,5.21,1.25,5.21,0.48,0,25,50,40,Clayey,Pulses,20-20,94.688514450009
182,6.8,560,7.18,0.31,0.88,4.22,0.42,3.26,0.96,12.03,0.4,0,25,50,40,Clayey,Pulses,28-28,98.5968753211264
94,4.8,560,7.32,0.32,0.1,6.94,0.51,7.51,1.25,17.11,0.32,0,25,50,40,Clayey,Pulses,DAP,97.7023850176855
295,7.2,454,7.35,0.34,0.68,4.52,0.38,4.02,1.02,10.25,0.25,1,25,50,40,Clayey,Pulses,Urea,82.254063218339
320,7.5,433,7.46,0.7,1.07,8.14,0.22,9.32,0.78,9.32,0.5,1,30,59,31,Red,Tobacco,14-35-14,79.3765800375677
201,4.6,433,7.37,0.39,0.59,10.86,0.29,1.05,0.54,5.26,0.34,0,25,50,40,Clayey,Pulses,28-28,76.4449999523683
213,5.7,496,7.49,0.78,0.78,4.52,0.36,5.26,1.26,7.54,0.42,0,25,50,40,Clayey,Pulses,Urea,87.7473826897893
207,7,528,7.39,0.45,0.2,7.84,0.37,8.33,1.32,13.25,0.27,0,25,50,40,Clayey,Pulses,14-35-14,93.2930995955099
94,7.7,486,7.42,0.41,1.17,3.92,0.54,4.21,1.05,8.55,0.36,0,25,50,40,Clayey,Pulses,DAP,84.4259598669242
295,7,433,7.41,0.35,0.49,8.45,0.48,2.05,2.01,6.36,0.61,1,25,50,40,Clayey,Pulses,17-17-17,78.6630432580417
195,8.3,454,7.44,0.3,0.88,6.64,0.26,3.22,1.56,10.25,0.29,0,25,50,40,Clayey,Pulses,DAP,80.0242085513521
364,8.1,486,7.45,0.49,0.1,9.35,0.35,7.12,0.98,7.54,0.5,1,30,59,31,Red,Tobacco,20-20,89.6505031115262
201,8.1,444,7.51,0.51,0.68,3.62,0.48,6.32,0.76,13.22,0.32,0,25,50,40,Clayey,Pulses,14-35-14,78.3746373855885
220,6.4,433,7.53,0.62,0.78,4.83,0.22,1.52,1.93,9.02,0.67,0,25,50,40,Clayey,Pulses,28-28,76.8272947462241
207,7.2,444,7.54,0.42,0.29,6.64,0.37,8.02,1.42,11.05,0.34,0,25,50,40,Clayey,Pulses,Urea,78.4898174711245
201,7.2,338,7.49,0.67,0.88,5.43,0.48,4.22,0.84,6.35,0.46,0,25,50,40,Clayey,Pulses,DAP,59.887519088958
295,7.2,412,7.61,0.41,1.07,4.22,0.51,3.58,0.63,17.54,0.34,1,30,59,31,Red,Tobacco,14-35-14,75.0879874182281
195,8.1,433,7.53,0.53,0.59,6.33,0.29,8.06,1.22,13.22,0.42,0,25,50,40,Clayey,Pulses,20-20,76.3283361315876
276,8.1,581,7.92,0.61,0.39,5.13,0.33,4.56,1.08,11.05,0.31,1,25,50,40,Clayey,Pulses,28-28,103.87137939458
207,6.8,560,8.02,0.6,1.17,9.65,0.55,3.54,1.54,14.52,0.61,0,25,50,40,Clayey,Pulses,Urea,98.9579343346632
295,7.7,539,8.05,0.6,0.88,5.43,0.28,8.78,0.96,10.63,0.32,1,25,50,40,Clayey,Pulses,14-35-14,96.9367906632555
264,7.9,370,7.81,0.58,0.39,6.64,0.42,6.23,1.32,6.58,0.29,1,30,59,31,Red,Tobacco,28-28,67.0602361913436
320,9.4,454,7.86,0.61,0.1,11.46,0.39,6.14,1.25,4.51,0.42,1,25,50,40,Clayey,Pulses,20-20,82.943508659104
289,11,391,7.65,0.72,0.98,10.56,0.33,5.2,0.5,9.3,0.34,1,30,59,31,Red,Tobacco,Urea,71.3468338527589
314,8.3,412,7.23,0.67,0.2,8.14,0.21,4.59,1.63,11.56,0.29,1,30,59,31,Red,Tobacco,DAP,75.6452803285635
345,5.9,549,7.7,0.65,0.68,7.84,0.25,2.15,1.25,9.64,0.36,1,25,50,40,Clayey,Pulses,17-17-17,99.8744000502445
238,10.7,612,7.77,0.6,0.88,3.92,0.47,3.56,1.3,3.74,0.23,1,25,50,40,Clayey,Pulses,28-28,108.651816852531
320,7.7,401,7.7,0.58,0.49,4.22,0.51,4.67,0.86,9.05,0.34,1,30,59,31,Red,Tobacco,Urea,73.979337121983
307,12.3,412,7.62,0.55,0.68,5.43,0.63,5.47,0.59,12.47,0.69,1,30,59,31,Red,Tobacco,20-20,75.4339113798185
326,11.2,539,7.57,0.61,0.39,7.24,0.29,2.69,0.47,8.63,0.32,1,25,50,40,Clayey,Pulses,17-17-17,97.6696295309045
314,7.5,306,7.64,0.58,0.2,4.83,0.32,4.28,0.9,11.03,0.48,1,30,59,31,Red,Tobacco,DAP,58.1304550582077
245,9.4,359,7.71,0.59,0.88,8.45,0.28,5.31,1.59,7.98,0.34,1,25,50,40,Clayey,Pulses,Urea,64.6482257007255
289,6.1,602,7.59,0.64,0.1,6.33,0.51,1.92,1.36,6.48,0.42,1,25,50,40,Clayey,Pulses,20-20,107.811061035714
339,10.7,486,7.58,0.61,0.49,5.13,0.46,2.56,1.87,5.21,0.55,1,25,50,40,Clayey,Pulses,28-28,88.9275923814681
333,11.2,412,7.66,0.65,0.68,8.75,0.38,3.68,0.86,4.96,0.67,1,30,59,31,Red,Tobacco,10-26-26,76.2335297207476
176,11.6,401,7.82,0.63,0.29,10.86,0.55,4.69,1.59,12.36,0.27,0,25,50,40,Clayey,Pulses,Urea,70.345886297233
358,9.2,370,7.59,0.69,1.07,5.13,0.3,3.55,2.02,7.51,0.34,1,30,59,31,Red,Tobacco,DAP,70.1595702456302
345,5.5,391,7.68,0.61,0.68,6.33,0.28,6.98,1.45,3.48,0.5,1,30,59,31,Red,Tobacco,20-20,73.139907063017
132,5.9,475,7.62,0.63,0.88,8.75,0.51,8.59,0.63,15.96,0.32,0,25,50,40,Clayey,Pulses,14-35-14,82.8274991301701
333,7.2,612,7.64,0.59,1.17,11.16,0.37,7.15,0.85,9.02,0.61,1,25,50,40,Clayey,Pulses,10-26-26,110.48710895505
245,7.5,686,7.56,0.59,0.1,4.22,0.62,5.58,1.09,6.23,0.31,0,25,50,40,Clayey,Pulses,20-20,121.870973391836
345,6.8,327,7.58,0.58,0.68,8.45,0.32,3.87,1.57,7.02,0.21,1,30,59,31,Red,Tobacco,28-28,62.7260511195539
188,6.4,412,7.57,0.59,0.2,11.16,0.51,4.25,0.96,9.32,0.55,0,25,50,40,Clayey,Pulses,Urea,72.5068371860412
276,7,348,7.58,0.66,0.39,8.45,0.66,9.17,0.54,14.68,0.52,1,30,59,31,Red,Tobacco,28-28,63.7002553471936
264,6.8,412,7.53,0.59,0.1,6.64,0.37,6.54,1.08,9.54,0.67,1,25,50,40,Clayey,Pulses,Urea,74.2312217648407
295,6.6,359,7.46,0.7,1.17,5.13,0.25,5.38,1.77,11.06,0.27,1,30,59,31,Red,Tobacco,DAP,66.1487594947941
238,6.8,380,7.56,0.61,0.68,3.92,0.31,4.26,0.39,7.58,0.29,0,25,50,40,Clayey,Pulses,14-35-14,68.0574459927337
289,7.5,433,7.48,0.6,0.1,4.52,0.26,3.39,1.09,16.48,0.23,1,25,50,40,Clayey,Pulses,28-28,78.4974570247156
188,6.8,507,7.51,0.55,1.17,10.56,0.41,8.47,1.36,11.56,0.34,0,25,50,40,Clayey,Pulses,20-20,89.2745009020873
276,6.6,380,7.57,0.58,0.88,7.24,0.55,2.53,0.58,7.52,0.5,1,30,59,31,Red,Tobacco,10-26-26,69.1050265198358
326,6.8,264,7.51,0.72,0.68,5.13,0.37,5.95,1.25,15.6,0.4,1,30,59,31,Red,Tobacco,DAP,52.0406687053098
307,7,539,7.45,0.78,0.49,6.64,0.48,4.6,1.87,12.03,0.27,1,25,50,40,Clayey,Pulses,14-35-14,97.2131292053888
207,7.5,348,7.62,0.62,0.1,4.83,0.25,7.56,0.44,7.5,0.53,0,25,50,40,Clayey,Pulses,Urea,61.7616219437165
257,5.9,602,7.66,0.61,0.88,8.14,0.36,3.95,0.98,19.32,0.5,0,25,50,40,Clayey,Pulses,DAP,107.209723374054
358,8.6,517,7.78,0.58,0.2,4.52,0.58,5.68,1.05,11.48,0.48,1,25,50,40,Clayey,Pulses,20-20,94.7437496055332
25,4.8,338,7.72,0.55,0.39,11.46,0.61,4.55,1.36,9.32,0.25,0,25,50,40,Clayey,Pulses,28-28,57.4608225154959
176,4.6,433,7.55,0.42,1.17,7.24,0.47,7.23,0.84,7.51,0.32,0,25,50,40,Clayey,Pulses,14-35-14,75.9919699070998
345,5.3,306,7.51,0.38,1.07,5.43,0.24,5.91,0.32,6.23,0.55,1,30,59,31,Red,Tobacco,10-26-26,59.4002841352668
126,6.8,391,7.52,0.72,0.88,7.84,0.39,4.21,1.02,8.05,0.67,0,25,50,40,Clayey,Pulses,Urea,67.7848974103048
264,7.2,370,7.68,0.66,1.27,10.56,0.6,6.52,1.57,11.05,0.4,0,30,59,31,Red,Tobacco,10-26-26,67.0608003226818
245,7.5,401,7.61,0.63,0.78,12.07,0.52,5.27,1.96,6.34,0.29,1,25,50,40,Clayey,Pulses,DAP,71.8500129008622
320,8.6,591,7.62,0.71,0.1,8.75,0.47,8.26,0.83,12.47,0.53,1,25,50,40,Clayey,Pulses,14-35-14,106.542211037857
339,7.5,517,7.78,0.73,0.1,6.94,0.33,9.32,1.25,11.42,0.42,1,25,50,40,Clayey,Pulses,10-26-26,94.2230324379837
333,6.8,422,7.72,0.82,0.78,11.46,0.32,7.34,1.26,9.5,0.25,1,30,59,31,Red,Tobacco,Urea,77.9140740132878
264,18.4,517,7.68,0.62,0.78,11.46,0.29,10.25,1.06,17.54,0.34,1,25,50,40,Clayey,Pulses,14-35-14,92.4237276153311
320,20.4,401,7.62,0.68,0.39,4.22,0.26,7.54,0.87,11.63,0.61,2,36,68,50,Loamy,Wheat,28-28,73.9760697595511
289,19.3,507,7.51,0.71,0.88,6.64,0.37,6.32,0.63,10.25,0.36,1,34,65,45,Clayey,Paddy,10-26-26,91.2409054115409
276,18.2,591,7.48,0.7,0.29,4.52,0.54,7.21,1.25,18.32,0.42,1,25,50,40,Clayey,Pulses,Urea,105.624279543911
295,19.5,539,7.39,0.68,0.68,8.45,0.28,4.02,0.84,4.05,0.29,1,34,65,45,Clayey,Paddy,DAP,96.9348248690889
333,20.8,370,7.45,0.55,0.2,4.83,0.55,8.32,1.25,12.03,0.5,2,36,68,50,Loamy,Wheat,20-20,69.25199290343
351,21.5,718,7.58,0.38,1.07,6.64,0.37,4.55,0.83,6.32,0.21,2,34,65,45,Clayey,Paddy,Urea,129.373169567531
320,20.4,433,7.68,0.42,0.78,3.92,0.48,6.32,1.02,7.54,0.32,2,36,68,50,Loamy,Wheat,DAP,79.3733993931321
339,21.1,454,7.73,0.65,0.88,7.54,0.22,4.21,0.87,13.25,0.46,2,36,68,50,Loamy,Wheat,14-35-14,83.490702312671
245,7.5,422,8,0.62,0.39,4.22,0.26,9.05,1.25,9.63,0.34,0,25,50,40,Clayey,Pulses,28-28,75.4767465775209
282,9.2,338,7.4,0.51,0.2,8.45,0.59,3.22,1.36,14.02,0.61,1,30,59,31,Red,Tobacco,Urea,62.2179026609173
264,10.7,444,7.8,0.54,0.68,10.86,0.45,8.22,0.91,10.25,0.29,1,25,50,40,Clayey,Pulses,17-17-17,79.7394025049886
320,8.1,422,7.6,0.55,0.29,9.95,0.51,6.03,0.84,8.32,0.8,1,30,59,31,Red,Tobacco,20-20,77.5150109264604
314,12.7,359,7.5,0.49,0.78,5.13,0.33,4.21,0.53,11.36,0.36,1,30,59,31,Red,Tobacco,Urea,66.7777247714798
282,6.8,338,7.8,0.61,0.39,4.52,0.26,7.12,1.22,9.32,0.4,1,30,59,31,Red,Tobacco,28-28,62.2198880642094
169,8.1,370,7.9,0.58,1.07,7.24,0.47,10.55,0.78,4.15,0.34,0,25,50,40,Clayey,Pulses,14-35-14,64.7660916562727
245,10.5,327,7.4,0.43,0.49,8.75,0.51,4.02,1.02,17.54,0.42,1,30,59,31,Red,Tobacco,DAP,59.2102359671039
257,8.6,380,7.5,0.52,0.78,3.62,0.23,6.32,1.36,12.03,0.25,1,25,50,40,Clayey,Pulses,17-17-17,68.5645472442004
264,7.7,465,7.6,0.64,0.29,10.86,0.28,8.22,0.84,10.55,0.32,1,25,50,40,Clayey,Pulses,Urea,83.3753979135332
333,9.2,380,7.4,0.61,0.59,4.52,0.51,4.49,0.49,16.03,0.32,1,30,59,31,Red,Tobacco,28-28,70.9055072337082
320,12.7,348,7.3,0.44,0.29,7.84,0.36,5.32,1.05,7.05,0.48,1,30,59,31,Red,Tobacco,DAP,65.1746059224595
307,9,370,7.2,0.65,0.68,9.95,0.25,9.26,0.78,6.32,0.36,1,30,59,31,Red,Tobacco,17-17-17,68.3737960894503
276,8.6,338,7.1,0.58,1.17,8.45,0.31,7.42,0.64,12.47,0.21,1,30,59,31,Red,Tobacco,Urea,62.0231806881609
270,14.7,465,7.4,0.49,0.1,11.16,0.51,3.64,0.59,9.8,0.32,1,25,50,40,Clayey,Pulses,28-28,83.5151233007278
282,9.9,422,7.8,0.43,0.78,4.52,0.27,5.19,1.09,3.59,0.53,1,25,50,40,Clayey,Pulses,Urea,76.4247880121402
301,7.2,370,7.9,0.47,1.07,7.84,0.38,6.38,0.47,7.51,0.67,1,30,59,31,Red,Tobacco,DAP,68.1809412721025
295,8.1,401,7.3,0.44,0.59,8.45,0.54,4.62,1.58,6.3,0.27,1,30,59,31,Red,Tobacco,20-20,73.2194143180238
307,10.1,391,7.2,0.53,0.2,6.33,0.27,2.88,0.63,12.05,0.36,1,30,59,31,Red,Tobacco,17-17-17,71.8912916910246
264,10.5,444,7.87,0.66,0.39,10.56,0.37,4.1,0.74,14.58,0.4,1,25,50,40,Clayey,Pulses,DAP,79.7394799632688
301,9.9,359,0.9,0.52,0.88,8.14,0.43,6.33,1.25,8.96,0.32,1,30,59,31,Red,Tobacco,Urea,66.3423069159755
270,9,412,7.57,0.32,0.68,7.84,0.52,4.58,1.03,11.36,0.25,1,25,50,40,Clayey,Pulses,20-20,74.3893380657967
314,8.6,391,0.9,0.56,0.98,3.92,0.51,1.78,0.6,7.58,0.21,1,30,59,31,Red,Tobacco,28-28,72.1118297141202
345,8.8,444,7.8,0.31,0.78,4.22,0.57,2.91,1.42,19.02,0.55,1,30,59,31,Red,Tobacco,14-35-14,81.9855666744829
307,8.3,359,7.6,0.68,1.07,5.43,0.36,7.82,0.87,13.26,0.67,1,30,59,31,Red,Tobacco,Urea,66.542954073452
333,8.6,359,8,0.35,0.68,7.24,0.58,2.55,0.43,12.56,0.42,1,30,59,31,Red,Tobacco,DAP,67.4473528920547
358,6.8,486,8.3,0.33,0.59,4.83,0.34,9.17,1.05,8.05,0.31,1,30,59,31,Red,Tobacco,20-20,89.4743521013985
257,7.5,507,7.3,0.37,0.88,8.45,0.29,4.42,1.25,13.06,0.31,1,25,50,40,Clayey,Pulses,28-28,90.5316326817904
295,2.9,612,7.85,0.83,0.2,6.33,0.33,8.61,1.88,4.25,0.21,1,25,50,40,Clayey,Pulses,DAP,109.684942919165
276,10.7,655,8.4,0.45,1.07,5.13,0.58,3.32,2.01,9.6,0.32,1,25,50,40,Clayey,Pulses,Urea,116.886579545746
301,12.7,422,8.95,0.39,0.49,8.75,0.67,5.91,0.89,13.52,0.44,1,30,59,31,Red,Tobacco,14-35-14,76.9570346619423
282,15.6,602,9.5,0.42,0.2,5.13,0.6,5.7,1.07,7.54,0.34,1,25,50,40,Clayey,Pulses,28-28,107.671033574403
295,13.4,412,10.05,0.73,0.68,6.33,0.52,3.31,1.89,3.25,0.48,1,30,59,31,Red,Tobacco,Urea,75.0848235203241
326,11.8,444,10.6,0.88,0.88,8.75,0.43,6.52,0.85,8.05,0.27,1,30,59,31,Red,Tobacco,14-35-14,81.4147966046902
358,12.5,581,11.15,0.51,0.49,11.16,0.28,4.13,1.23,11.03,0.36,2,25,50,40,Clayey,Pulses,DAP,105.711767622138
264,10.3,475,7.49,0.74,0.78,4.22,0.66,9.31,0.78,6.05,0.44,1,25,50,40,Clayey,Pulses,17-17-17,85.1093810530744
333,14.9,422,8.26,0.48,1.17,8.45,0.51,3.32,1.08,9.21,0.32,2,30,59,31,Red,Tobacco,DAP,77.9104174617844
320,13.8,391,7.38,0.65,0.88,11.16,0.39,6.67,0.65,8.12,0.48,2,30,59,31,Red,Tobacco,20-20,72.3012455521587
282,5.5,665,7.8,0.44,0.1,8.45,0.45,5.51,0.93,12.36,0.31,1,25,50,40,Clayey,Pulses,14-35-14,118.757145284327
326,10.7,612,7.9,0.4,0.49,6.64,0.36,6.4,0.84,6.35,0.48,1,25,50,40,Clayey,Pulses,28-28,110.330608992616
295,11.8,697,7.6,0.56,0.68,5.13,0.85,5.72,1.23,11.06,0.27,1,25,50,40,Clayey,Pulses,Urea,124.625667062966
276,6.1,655,7.4,0.33,0.2,3.92,0.52,6.67,1.58,7.35,0.34,1,25,50,40,Clayey,Pulses,DAP,116.888290037084
182,8.1,370,7.5,0.68,0.78,4.52,0.33,3.33,1.04,15.21,0.29,0,25,50,40,Clayey,Pulses,14-35-14,65.0230655930648
289,9.4,634,7.1,0.51,0.29,7.24,0.4,9.67,0.68,6.03,0.21,1,25,50,40,Clayey,Pulses,20-20,113.426042535915
257,76.8,813,7.9,0.45,1.07,5.73,0.48,6.51,0.79,4.52,0.31,1,34,65,45,Clayey,Paddy,28-28,144.666555184346
364,7.2,644,7.5,0.42,0.88,10.56,0.63,4.42,0.32,12.32,0.32,1,25,50,40,Clayey,Pulses,Urea,116.753614051418
201,9,623,7.6,0.37,0.2,6.33,0.42,6.52,1.05,5.03,0.25,0,25,50,40,Clayey,Pulses,14-35-14,110.056987165368
333,7,676,7.3,0.69,1.17,4.83,0.52,3.39,1.45,9.65,0.5,1,25,50,40,Clayey,Pulses,28-28,121.656880812751
320,12.3,676,7.9,0.5,0.59,9.95,0.38,8.24,0.96,11.05,0.27,1,25,50,40,Clayey,Pulses,20-20,121.395828100094
251,6.6,444,7.5,0.63,0.39,5.43,0.42,1.78,1.03,6.32,0.4,0,25,50,40,Clayey,Pulses,Urea,79.4306582110756
339,5.7,697,8,0.65,0.68,8.75,0.32,6.25,1.85,15.47,0.42,1,25,50,40,Clayey,Pulses,DAP,125.455909939809
326,11.2,539,7.3,0.21,0.1,6.33,0.52,4.12,1.49,3.05,0.29,1,25,50,40,Clayey,Pulses,17-17-17,97.6696295309045
289,7.5,708,8.1,0.37,0.59,4.22,0.38,6.58,1.3,12.06,0.46,1,25,50,40,Clayey,Pulses,28-28,126.464531394707
314,9.2,370,7.4,0.69,0.39,5.43,0.24,2.51,0.52,11.48,0.32,1,30,59,31,Red,Tobacco,Urea,68.6045540272177
345,8.3,560,7.8,0.51,0.2,6.94,0.39,7.5,1.23,14.21,0.44,1,25,50,40,Clayey,Pulses,20-20,101.766887830794
270,6.6,338,7.1,0.42,1.07,4.52,0.5,3.02,0.87,9.33,0.36,1,30,59,31,Red,Tobacco,17-17-17,61.8335412108767
195,4.8,422,7.9,0.56,0.88,8.45,0.39,4.51,0.69,6.54,0.48,0,25,50,40,Clayey,Pulses,DAP,74.3981654935678
364,12.9,401,8.4,0.54,0.2,9.35,0.45,1.02,1.05,12.03,0.59,1,30,59,31,Red,Tobacco,Urea,75.4474666371394
314,8.1,570,8.1,0.78,0.68,5.13,0.22,2.25,1.56,15.26,0.27,1,25,50,40,Clayey,Pulses,20-20,102.755369009792
358,7.2,327,8.2,0.5,0.29,7.24,0.37,3.15,0.86,6.32,0.21,1,30,59,31,Red,Tobacco,28-28,63.2559482063401
257,11.2,412,8,0.31,1.07,5.43,0.45,6.21,1.32,11.54,0.29,0,25,50,40,Clayey,Pulses,10-26-26,74.0469918812969
245,5.9,686,7.9,0.56,0.68,7.84,0.61,7.45,1.47,9.03,0.53,0,25,50,40,Clayey,Pulses,Urea,121.87167165429
276,5.5,348,7.3,0.62,0.2,3.92,0.28,5.32,0.74,2.78,0.4,1,30,59,31,Red,Tobacco,DAP,63.701703021605
326,11.2,708,7.4,0.55,0.59,5.43,0.32,6.03,0.86,13.26,0.31,1,25,50,40,Clayey,Pulses,20-20,127.129253943077
282,5.3,834,7.5,0.58,0.39,9.35,0.28,2.15,1.32,7.05,0.53,1,25,50,40,Clayey,Pulses,14-35-14,148.681353049925
270,6.1,697,7,0.4,0.68,6.64,0.51,2.14,0.96,9.21,0.52,1,25,50,40,Clayey,Pulses,10-26-26,124.207037340728
295,4.4,634,7.9,0.53,1.17,5.13,0.46,3.21,1.25,14.05,0.48,1,25,50,40,Clayey,Pulses,20-20,113.542772228492
289,5.7,612,7.5,0.67,0.59,11.76,0.39,5.21,1.3,2.68,0.44,1,25,50,40,Clayey,Pulses,28-28,109.564768161962
314,11.8,359,7.6,0.52,1.27,6.33,0.52,2.15,0.86,3.59,0.27,1,30,59,31,Red,Tobacco,Urea,66.7780908890686
245,6.6,655,7.8,0.59,0.1,5.13,0.3,1.05,0.59,7.12,0.55,0,25,50,40,Clayey,Pulses,28-28,116.376117721352
257,7.2,697,7.9,0.64,0.78,6.64,0.29,2.06,0.47,16.03,0.73,0,25,50,40,Clayey,Pulses,Urea,124.002428762394
301,6.4,327,8.1,0.67,0.39,9.05,0.32,3.32,0.9,14.59,0.5,1,30,59,31,Red,Tobacco,DAP,61.053111838473
351,12.3,475,7.4,0.45,0.88,8.45,0.47,1.58,1.59,2.15,0.46,1,30,59,31,Red,Tobacco,14-35-14,87.4019917644061
276,7.2,348,7.5,0.69,0.2,10.26,0.56,2.69,1.36,9.32,0.29,1,30,59,31,Red,Tobacco,28-28,63.7000775839746
264,6.1,644,7.6,0.33,0.68,9.95,0.28,3.21,1.87,11.05,0.32,0,25,50,40,Clayey,Pulses,20-20,114.740279209704
358,11.4,401,7.8,0.54,0.49,8.45,0.31,3.57,0.86,7.36,0.21,1,30,59,31,Red,Tobacco,10-26-26,75.2376794354957
220,7,634,7.9,0.62,0.1,4.52,0.22,2.6,1.59,14.52,0.53,0,25,50,40,Clayey,Pulses,DAP,112.277111814723
270,7.7,771,7.1,0.2,0.78,8.75,0.35,7.32,2.02,19.03,0.44,1,25,50,40,Clayey,Pulses,14-35-14,137.321081151634
245,5.5,391,7.8,0.54,0.29,11.46,0.39,6.21,1.45,11.25,0.29,0,25,50,40,Clayey,Pulses,Urea,70.1302629149324
251,6.4,655,7.5,0.68,1.07,4.52,0.28,4.51,0.63,2.69,0.46,0,25,50,40,Clayey,Pulses,DAP,116.47059778237
301,8.1,729,7.6,0.36,0.88,7.84,0.54,5.32,0.85,8.12,0.34,1,25,50,40,Clayey,Pulses,20-20,130.376190878472
270,11.8,781,7.4,0.46,1.17,9.95,0.33,6.02,1.09,13.25,0.32,1,25,50,40,Clayey,Pulses,28-28,139.095315373822
257,6.6,401,7.9,0.61,0.1,8.45,0.38,4.96,1.57,9.36,0.5,0,25,50,40,Clayey,Pulses,14-35-14,72.1596609343941
264,7.9,380,7.2,0.33,0.88,11.16,0.49,3.51,0.96,10.85,0.21,1,25,50,40,Clayey,Pulses,10-26-26,68.7613567308314
276,11.2,475,7.5,0.35,0.39,4.52,0.52,6.32,0.54,8.62,0.34,1,25,50,40,Clayey,Pulses,Urea,85.3903033910201
270,8.6,454,7.52,0.41,0.68,7.84,0.66,4.21,1.08,11.47,0.44,1,25,50,40,Clayey,Pulses,10-26-26,81.6147830412257
213,7.5,306,7.63,0.51,0.59,8.45,0.39,3.2,1.77,9.63,0.32,0,25,50,40,Clayey,Pulses,DAP,54.7216266320417
157,6.8,760,7.71,0.73,0.2,6.33,0.54,1.6,0.39,18.05,0.36,0,25,50,40,Clayey,Pulses,14-35-14,134.052079311474
207,7.5,306,7.72,0.72,0.39,10.56,0.26,3.25,1.25,4.85,0.21,0,25,50,40,Clayey,Pulses,10-26-26,54.5520835145705
151,7.2,465,7.53,0.43,1.17,8.14,0.37,4.15,0.98,7.32,0.34,0,25,50,40,Clayey,Pulses,Urea,81.28261862516
201,7.7,507,7.82,0.43,0.78,7.84,0.55,6.32,0.63,13.85,0.25,0,25,50,40,Clayey,Pulses,14-35-14,89.4814924377723
220,9,338,7.52,0.84,0.1,3.92,0.42,2.85,1.54,11.25,0.17,0,25,50,40,Clayey,Pulses,28-28,60.3751908686764
207,8.6,454,7.44,0.41,0.88,4.22,0.6,3.02,0.87,6.32,0.5,0,25,50,40,Clayey,Pulses,10-26-26,80.2450407055587
151,7.9,380,7.42,0.62,0.29,5.43,0.28,4.15,0.63,7.54,0.25,0,25,50,40,Clayey,Pulses,Urea,66.2078726108509
163,6.1,296,7.34,0.44,0.39,7.24,0.33,9.62,0.42,15.22,0.53,0,25,50,40,Clayey,Pulses,DAP,51.7113174198268
276,8.6,486,7.52,0.52,0.68,4.83,0.38,4.15,1.02,9.02,0.27,1,25,50,40,Clayey,Pulses,20-20,87.2970003151846
270,8.3,465,7.29,0.63,0.1,8.45,0.45,7.62,1.63,11.52,0.42,1,25,50,40,Clayey,Pulses,Urea,83.5170954487859
69,8.1,422,7.42,0.53,0.59,6.33,0.41,3.52,0.89,18.63,0.32,0,25,50,40,Clayey,Pulses,DAP,72.7628036262214
307,103.1,232,7.25,0.82,0.49,5.13,0.27,6.25,1.02,10.25,0.21,1,36,68,50,Loamy,Wheat,14-35-14,46.7269508083805
31,78.9,433,7.72,0.62,0.29,8.75,0.33,4.05,0.54,6.32,0.25,0,34,65,45,Clayey,Paddy,28-28,74.6941880499
320,63.6,306,7.61,0.42,1.07,10.86,0.28,8.35,0.78,7.54,0.53,1,36,68,50,Loamy,Wheat,Urea,58.4611725226861
314,61.4,359,7.35,0.42,0.88,5.13,0.56,3.14,1.02,14.02,0.59,1,36,68,50,Loamy,Wheat,17-17-17,66.8538712780417
270,70.2,750,7.77,0.34,0.39,6.33,0.35,6.52,1.86,18.52,0.27,1,34,65,45,Clayey,Paddy,20-20,133.645486744583
276,68,296,7.65,0.53,0.68,8.75,0.29,4.12,1.32,11.25,0.4,1,36,68,50,Loamy,Wheat,Urea,55.1918302606567
270,65.8,306,8.02,0.64,0.2,11.16,0.36,8.06,0.93,9.62,0.53,1,36,68,50,Loamy,Wheat,28-28,56.6099163245351
69,74.6,454,7.72,0.56,0.59,7.54,0.24,3.45,1.25,8.05,0.21,0,34,65,45,Clayey,Paddy,14-35-14,78.6108405865511
276,81.1,380,7.71,0.71,0.78,3.92,0.35,2.21,1.54,4.51,0.5,1,34,65,45,Clayey,Paddy,DAP,69.2557371185831
270,68,317,7.51,0.53,1.07,8.45,0.28,1.59,0.84,6.32,0.25,1,36,68,50,Loamy,Wheat,17-17-17,58.439485394447
301,63.6,327,7.7,0.53,0.88,4.22,0.57,6.32,1.25,14.25,0.32,1,36,68,50,Loamy,Wheat,Urea,61.1409503918849
270,70.2,401,7.51,0.7,1.17,6.64,0.49,4.02,0.36,7.54,0.36,1,34,65,45,Clayey,Paddy,28-28,72.6018115200492
276,61.4,422,7.44,0.54,0.88,4.83,0.26,1.87,0.87,11.25,0.21,1,34,65,45,Clayey,Paddy,DAP,76.3221902550452
107,74.6,486,7.53,0.58,0.68,6.94,0.35,6.25,1.25,8.32,0.29,0,34,65,45,Clayey,Paddy,17-17-17,84.6308087512027
75,59.2,549,7.5,0.46,0.1,10.56,0.28,3.05,0.93,6.32,0.69,0,34,65,45,Clayey,Paddy,Urea,95.6501985730485
207,74.6,686,7.41,0.57,1.07,4.22,0.51,4.2,1.25,9.25,0.46,1,34,65,45,Clayey,Paddy,28-28,121.41669319292
100,74.6,412,7.51,0.45,0.78,7.54,0.26,3.54,1.63,14.25,0.29,0,34,65,45,Clayey,Paddy,Urea,71.3395524462244
207,78.9,718,7.29,0.52,0.2,5.43,0.37,6.02,0.85,18.22,0.46,1,34,65,45,Clayey,Paddy,DAP,127.128112181822
144,81.1,401,7.41,0.61,0.68,6.64,0.44,7.51,1.25,10.25,0.34,0,34,65,45,Clayey,Paddy,20-20,69.9606973491405
213,98.7,359,7.34,0.82,0.88,3.92,0.51,3.21,1.03,3.28,0.63,1,34,65,45,Clayey,Paddy,17-17-17,64.0754218498156
201,74.6,454,7.33,0.56,0.39,7.84,0.28,6.54,1.87,9.63,0.29,1,34,65,45,Clayey,Paddy,DAP,80.2334221749486
151,85.5,422,8.12,0.46,0.49,9.65,0.36,7.02,0.84,14.52,0.55,0,34,65,45,Clayey,Paddy,Urea,73.8033995178069
144,70.2,581,7.43,0.53,0.29,5.13,0.29,5.12,1.25,10.25,0.61,0,34,65,45,Clayey,Paddy,20-20,101.956680834839
282,72.4,549,7.62,0.63,0.1,3.32,0.37,6.32,1.63,7.54,0.46,1,34,65,45,Clayey,Paddy,28-28,98.4692706694292
207,76.8,560,7.42,0.42,0.78,7.54,0.48,4.15,1.02,13.25,0.29,1,34,65,45,Clayey,Paddy,14-35-14,99.0454214315566
220,9,454,7.03,0.53,0.68,3.62,0.22,9.03,1.87,10.58,0.21,0,25,50,40,Clayey,Pulses,Urea,80.4988402922701
276,12.9,401,7.91,0.52,0.2,7.54,0.26,2.15,0.84,6.33,0.71,1,25,50,40,Clayey,Pulses,DAP,72.6738089129908
282,13.2,433,7.02,0.81,0.1,4.22,0.37,6.32,0.93,14.25,0.29,1,25,50,40,Clayey,Pulses,20-20,78.3062487340681
264,12.1,560,7.44,0.53,1.07,10.86,0.48,1.25,1.02,10.25,0.42,1,25,50,40,Clayey,Pulses,28-28,99.9513821625776
195,9.4,539,7.58,0.76,0.88,8.75,0.56,7.02,1.33,7.54,0.34,0,25,50,40,Clayey,Pulses,DAP,95.0517930408556
188,9.2,444,7.32,0.49,0.59,3.92,0.52,3.25,1.58,6.32,0.74,0,25,50,40,Clayey,Pulses,Urea,78.1370607231348
226,9,422,7.43,0.71,0.88,8.14,0.48,5.22,0.78,9.25,0.42,0,25,50,40,Clayey,Pulses,14-35-14,75.0373592021393
213,9.6,729,7.8,0.49,0.2,4.22,0.37,8.33,0.65,10.25,0.29,0,25,50,40,Clayey,Pulses,28-28,129.087187416822
201,9,454,7.01,0.47,0.68,6.64,0.54,1.56,1.25,8.54,0.46,0,25,50,40,Clayey,Pulses,Urea,80.1327143637063
207,7.7,465,7.51,0.62,0.29,4.83,0.28,6.32,0.98,15.26,0.32,0,25,50,40,Clayey,Pulses,14-35-14,82.1794005892982
220,12.3,760,7.02,0.65,0.24,23.9,0.16,0.76,0.36,4.65,0.53,0,25,50,40,Clayey,Pulses,DAP,134.6981131874
276,9.4,486,7.04,0.74,0.24,23.9,0.16,0.76,0.36,4.65,0.53,1,25,50,40,Clayey,Pulses,17-17-17,87.2966334496601
226,10.3,612,7.05,0.48,0.41,4.5,0.31,0.44,0.44,6.2,0.71,0,25,50,40,Clayey,Pulses,DAP,108.462866103228
207,9.4,813,7.01,0.38,0.46,9.9,0.39,0.39,0.52,5.37,0.64,1,25,50,40,Clayey,Pulses,20-20,144.013250810566
270,11.4,655,7.05,0.62,0.51,7.1,0.44,1.11,0.23,1.88,1.17,1,25,50,40,Clayey,Pulses,14-35-14,116.782639070728
295,10.7,644,7.08,0.73,0.57,6.7,0.44,0.42,0.51,6.33,0.85,1,25,50,40,Clayey,Pulses,28-28,115.296415205409
238,8.3,412,7.06,0.36,0.7,4.6,0.31,0.34,0.63,7.13,0.65,0,25,50,40,Clayey,Pulses,Urea,73.5779331913754
207,9.4,444,7.1,0.64,0.51,10.8,0.38,0.27,0.61,6.41,0.77,0,25,50,40,Clayey,Pulses,DAP,78.4885831709667
182,9.2,465,7.4,0.6,0.51,6.8,0.42,1.24,0.31,10.23,0.84,0,25,50,40,Clayey,Pulses,14-35-14,81.7434731462507
232,8.8,665,7.5,0.37,0.41,4.7,0.5,0.21,0.21,2.11,0.51,0,25,50,40,Clayey,Pulses,20-20,117.953241841276
289,10.7,475,7.35,0.63,0.24,3.7,0.4,0.31,0.38,6.11,0.31,1,25,50,40,Clayey,Pulses,28-28,85.7084567673646
195,12.5,507,7.34,0.51,0.46,4.8,0.36,0.51,0.35,10.22,0.52,0,25,50,40,Clayey,Pulses,Urea,89.3821948806132
207,10.7,391,7.29,0.82,0.62,4.7,0.41,1.09,0.42,3.52,0.91,0,25,50,40,Clayey,Pulses,14-35-14,69.2188267759002
238,9.9,623,7.28,0.58,0.27,29.8,0.23,0.65,0.23,4.79,0.5,0,25,50,40,Clayey,Pulses,28-28,110.598556692244
201,11.4,834,7.25,0.47,0.41,5.4,0.41,0.61,0.24,6.62,0.52,0,25,50,40,Clayey,Pulses,20-20,147.705389275764
345,9.6,422,7.37,0.49,0.38,7.1,0.37,1.71,0.27,6.23,0.77,1,30,59,31,Red,Tobacco,Urea,78.2924978296711
238,10.3,454,7.41,0.66,0.68,2.7,0.4,1.32,0.38,3.12,0.85,0,25,50,40,Clayey,Pulses,DAP,80.8747503011901
201,10.5,444,7.28,0.88,0.46,6.6,0.34,1.31,0.47,6.33,0.77,0,25,50,40,Clayey,Pulses,17-17-17,78.373464026251
232,9.9,454,7.45,0.39,0.65,6.6,0.42,3.11,0.39,1.17,1.29,0,25,50,40,Clayey,Pulses,28-28,80.7462395840904
314,8.3,486,7.41,0.42,0.57,5.9,0.35,1.02,0.41,9.86,0.71,1,25,50,40,Clayey,Pulses,Urea,88.2440762447241
245,9.2,391,7.58,0.81,0.84,17.1,0.31,1.22,0.44,3.14,0.87,0,25,50,40,Clayey,Pulses,20-20,70.1276529316304
351,7.2,581,7.8,0.56,0.54,8.4,0.42,1.12,0.33,1.11,1.13,1,25,50,40,Clayey,Pulses,17-17-17,105.538742076179
264,9.9,454,7.4,0.33,0.73,5.1,0.42,0.81,0.23,4,1.44,1,25,50,40,Clayey,Pulses,DAP,81.4688240129969
364,7,391,7.9,0.57,0.51,6.7,0.34,0.53,0.31,1.72,1.22,1,30,59,31,Red,Tobacco,Urea,73.8089414691764
377,8.1,549,7.5,0.62,0.32,12.7,0.28,0.96,0.26,3.31,0.43,1,25,50,40,Clayey,Pulses,20-20,100.730410440481
282,5.3,697,7.6,0.58,0.46,6.4,0.3,0.34,0.22,1.88,0.07,1,25,50,40,Clayey,Pulses,28-28,124.404675908767
276,8.6,570,7.5,0.36,0.59,3.4,0.42,0.79,0.2,3.16,1.36,1,25,50,40,Clayey,Pulses,10-26-26,101.943108099169
320,3.9,507,7.4,0.34,0.51,4.7,42,44,0.42,1.22,1.17,1,25,50,40,Clayey,Pulses,Urea,92.0097041156249
276,7.9,433,7.9,0.61,0.41,5.9,0.4,0.41,0.22,1.21,1.12,1,25,50,40,Clayey,Pulses,DAP,78.149894548638
370,12.7,317,8.1,0.52,0.46,6.7,0.24,0.52,0.27,1.31,1.23,2,30,59,31,Red,Tobacco,20-20,62.1911595547761
207,7,623,7.5,0.59,0.43,8.9,0.42,0.62,0.27,3.11,1.32,0,25,50,40,Clayey,Pulses,14-35-14,110.139480369426
169,6.8,602,8.3,0.44,0.22,4.1,0.37,0.24,0.33,3.42,2.13,0,25,50,40,Clayey,Pulses,10-26-26,105.915560547355
345,4.4,686,8,0.56,0.35,7.7,0.4,0.22,0.24,2.71,1.12,1,25,50,40,Clayey,Pulses,20-20,123.654050659322
333,7.2,560,7.6,0.51,0.59,5.9,0.4,0.81,0.24,1.13,1.42,1,25,50,40,Clayey,Pulses,28-28,101.469795210525
188,11.4,602,7.9,0.6,0.51,3.7,0.41,0.62,0.34,2.44,1.88,0,25,50,40,Clayey,Pulses,Urea,106.147781630715
364,6.8,444,7.5,0.55,24,8.2,38,34,0.21,4.14,1.21,1,30,59,31,Red,Tobacco,28-28,82.5853611298105
326,10.1,803,7.4,0.53,0.57,6,0.37,0.98,0.37,1.43,1.29,1,25,50,40,Clayey,Pulses,Urea,143.866306186264
351,8.1,570,7.3,0.3,0.51,4.7,0.34,0.3,0.41,4.23,2.11,1,25,50,40,Clayey,Pulses,DAP,103.641293433948
377,5.3,623,7.2,0.58,0.32,9.9,0.09,0.9,0.21,0.11,0.43,1,25,50,40,Clayey,Pulses,14-35-14,113.431982279484
307,8.6,750,7.4,0.63,0.73,4.4,0.38,0.58,0.32,3.31,0.86,1,25,50,40,Clayey,Pulses,28-28,134.185677310534
295,12.5,560,7.9,0.51,0.51,21.4,0.13,1.06,0.22,1.42,0.15,1,25,50,40,Clayey,Pulses,20-20,100.591219418326
213,7,718,7.5,0.47,0.3,1.8,0.22,1.29,0.09,3.09,0.33,0,25,50,40,Clayey,Pulses,10-26-26,127.127394529308
226,4.4,760,7.8,0.32,0.57,5.9,0.42,0.21,0.22,3.41,0.73,0,25,50,40,Clayey,Pulses,DAP,134.773811142183
301,7.2,528,7.9,0.59,0.51,5.3,0.35,0.31,0.23,4.43,0.71,2,25,50,40,Clayey,Pulses,14-35-14,95.1653045975497
314,6.8,602,7.4,0.55,0.19,17.2,0.2,0.73,0.25,31,0.47,2,25,50,40,Clayey,Pulses,Urea,108.328050259364
270,10.5,475,7.8,0.37,0.51,7.1,0.34,1.13,0.22,4.66,0.61,2,25,50,40,Clayey,Pulses,DAP,85.2484433275256
295,7.9,623,7.3,0.54,0.19,17,0.13,4.82,0.17,10.6,0.25,1,25,50,40,Clayey,Pulses,20-20,111.610715315409
245,7.5,570,7,0.69,0.51,8.8,0.19,1.47,0.24,12.59,0.36,1,25,50,40,Clayey,Pulses,28-28,101.356208145697
282,12.9,612,7.9,0.51,0.41,6.6,0.41,1.29,0.33,6.21,0.61,1,25,50,40,Clayey,Pulses,14-35-14,109.427020642514
264,7.7,380,7.2,0.36,0.32,6.8,0.19,1.02,0.19,18.82,0.46,1,25,50,40,Clayey,Pulses,10-26-26,68.7614931314258
339,8.1,560,7.5,0.73,0.54,2.4,0.43,0.6,0.19,2.69,1.3,1,25,50,40,Clayey,Pulses,Urea,101.616941958075
289,7,444,7.6,0.58,0.46,4.7,0.46,1.09,0.27,6.31,0.35,1,25,50,40,Clayey,Pulses,10-26-26,80.3805504075765
320,65.8,528,7.5,0.52,0.49,1.5,0.11,1.14,0.2,13.92,0.29,2,34,65,45,Clayey,Paddy,DAP,95.6819758719806
345,76.8,676,7.1,0.7,0.38,8.2,0.34,0.83,0.27,6.13,0.32,2,34,65,45,Clayey,Paddy,14-35-14,121.976326075028
333,7.2,549,7.4,0.66,0.46,7.2,0.28,1.87,0.27,13.38,0.47,1,25,50,40,Clayey,Pulses,10-26-26,99.5704341288088
301,111.8,486,7.5,0.54,0.43,6.5,0.25,1.57,0.23,18.71,0.35,1,34,65,45,Clayey,Paddy,Urea,88.173140471578
314,7.9,581,7.9,0.58,0.49,4.8,0.4,0.68,0.21,8.91,1.24,1,25,50,40,Clayey,Pulses,14-35-14,104.668555829186
326,7.5,612,8.2,0.5,0.57,1.6,0.22,2.18,0.14,18.06,0.5,1,25,50,40,Clayey,Pulses,28-28,110.331753498643
358,8.3,517,8.1,0.45,0.46,7.1,0.22,1.61,0.3,13.14,0.41,1,25,50,40,Clayey,Pulses,10-26-26,94.7438863263384
320,6.6,602,8,0.52,0.35,7.2,0.34,0.49,0.31,1.27,0.47,1,25,50,40,Clayey,Pulses,Urea,108.458433232362
370,125,528,8.1,0.57,0.51,2.7,0.26,1.85,0.1,0.26,0.38,2,34,65,45,Clayey,Paddy,DAP,97.272687748336
339,6.8,560,8,0.61,0.62,8.9,0.07,1.5,0.19,30.48,0.35,1,25,50,40,Clayey,Pulses,20-20,101.617567504133
226,15.1,549,7.2,0.59,0.46,5.1,0.36,1.7,0.29,6.59,1.69,1,25,50,40,Clayey,Pulses,Urea,97.3184579303171
326,7.5,433,8.1,0.76,0.41,27.3,0.23,1.22,0.38,1.38,0.49,1,30,59,31,Red,Tobacco,DAP,79.5542924683626
232,11.4,570,8.1,0.54,0.41,7.1,0.31,0.63,0.42,4.32,1.13,1,25,50,40,Clayey,Pulses,14-35-14,101.12882793003
220,7.7,517,8.3,0.73,0.46,6.4,0.35,0.53,0.42,3.77,0.86,0,25,50,40,Clayey,Pulses,28-28,91.5714641152495
301,7.2,591,8,0.75,0.32,31,0.19,1.24,0.34,14.31,0.43,1,25,50,40,Clayey,Pulses,Urea,106.131062569818
351,5.7,581,7.4,0.61,0.78,5.8,0.44,1.13,0.22,21.32,1.49,1,25,50,40,Clayey,Pulses,17-17-17,105.539518320441
282,12.7,465,7.5,0.63,0.3,24.4,0.09,1.03,0.25,9.35,0.39,1,25,50,40,Clayey,Pulses,20-20,83.8085284973428
364,7.7,602,7.9,0.53,0.32,10.78,0.7,1.21,0.22,7.45,0.34,1,25,50,40,Clayey,Pulses,Urea,109.484668898513
339,11,623,8.3,0.67,0.32,3.7,0.28,1.36,0.18,13.92,0.19,2,25,50,40,Clayey,Pulses,28-28,112.533737749155
383,118.4,665,8.1,0.6,0.65,8.7,0.4,0.67,0.34,3.13,1.41,2,34,65,45,Clayey,Paddy,14-35-14,121.062048491442
370,7,528,7.5,0.56,0.73,7.1,0.37,0.74,0.38,1.14,1.35,1,25,50,40,Clayey,Pulses,DAP,96.9566022225027
295,8.1,803,8,0.32,0.78,6.7,0.34,0.77,0.18,7.81,1.24,1,25,50,40,Clayey,Pulses,17-17-17,143.369433757666
270,9.4,539,8.3,0.69,0.76,5.9,0.31,0.81,0.23,1.29,0.79,1,25,50,40,Clayey,Pulses,Urea,96.3948552765127
377,8.6,549,8.1,0.55,0.57,3.8,0.37,1.11,0.21,1.12,1.17,1,25,50,40,Clayey,Pulses,28-28,100.730193276104
220,7.2,507,8,0.38,0.78,4.7,0.4,0.72,0.17,14.02,1.26,0,25,50,40,Clayey,Pulses,DAP,89.8097865665506
207,11.2,317,7.4,0.32,0.62,6.6,0.34,0.78,0.28,1.21,0.49,0,25,50,40,Clayey,Pulses,17-17-17,56.4289005363622
264,7.7,539,7.9,0.49,0.65,4.4,0.36,0.83,0.28,1.01,0.57,1,25,50,40,Clayey,Pulses,Urea,96.2725808738158
220,7,781,7.5,0.54,0.76,1.5,0.32,0.77,0.18,8.14,1.29,0,25,50,40,Clayey,Pulses,28-28,138.444907928013
213,12.5,549,7.8,0.1,0.51,4.7,0.34,1.22,0.21,1.82,0.84,1,25,50,40,Clayey,Pulses,Urea,97.1027156678184
370,6.6,591,7.3,0.38,0.65,0.64,0.36,0.77,0.18,2.11,1.18,1,25,50,40,Clayey,Pulses,DAP,107.740391911085
383,14,718,7.8,0.41,0.62,7.1,0.37,0.66,0.22,2.31,1.31,2,25,50,40,Clayey,Pulses,20-20,130.04726393622
351,8.6,771,7.9,0.45,0.59,4.9,0.38,0.74,0.22,3.13,0.65,1,25,50,40,Clayey,Pulses,17-17-17,138.673441013594
377,11.2,623,7.8,0.64,0.54,3.8,0.37,0.88,0.31,1.13,0.85,2,25,50,40,Clayey,Pulses,DAP,113.429676913458
364,11.4,602,7.3,0.33,0.7,1.2,0.34,0.88,0.26,13.71,1.51,2,25,50,40,Clayey,Pulses,Urea,109.483422296326
333,12.3,686,7.4,0.57,0.41,6.4,0.34,1.29,0.27,0.84,1.27,1,25,50,40,Clayey,Pulses,20-20,123.406438549734
301,6.8,539,7.5,0.3,0.57,4.7,0.4,1.13,0.3,8.14,0.8,1,25,50,40,Clayey,Pulses,28-28,97.0739405415428
201,8.3,591,7.6,0.68,0.57,5.9,0.42,0.81,0.37,7.35,0.71,0,25,50,40,Clayey,Pulses,14-35-14,104.36888334744
358,10.7,665,7.3,0.62,0.62,4.1,0.44,0.67,0.27,10.61,1.49,2,25,50,40,Clayey,Pulses,Urea,120.266362497601
345,8.1,634,7.1,0.56,0.59,7.2,0.33,0.47,0.41,2.29,0.65,1,25,50,40,Clayey,Pulses,DAP,114.582658010875
370,7.2,581,7.3,0.34,0.49,5.5,0.36,1.33,0.31,8.23,0.71,1,25,50,40,Clayey,Pulses,20-20,106.02063660224
257,4.4,507,7.1,0.75,0.68,6.5,0.4,0.97,0.24,2.75,1.46,0,25,50,40,Clayey,Pulses,28-28,90.5336007491801
339,8.3,549,7.5,0.31,0.65,8.4,0.44,0.44,0.31,3.17,1.27,1,25,50,40,Clayey,Pulses,DAP,99.7202941345442
377,7.9,602,7.8,0.55,0.86,6.3,0.42,0.69,0.83,7.6,1.84,1,25,50,40,Clayey,Pulses,Urea,109.81164077327
351,9.6,623,7.9,0.43,0.57,5.9,0.37,1.28,0.41,9.53,1.17,1,25,50,40,Clayey,Pulses,14-35-14,112.807389494853
339,6.8,570,7.5,0.79,0.59,1.7,0.13,1.45,0.33,2.72,0.36,1,25,50,40,Clayey,Pulses,28-28,103.344429549971
201,12.9,433,7.8,0.46,0.65,2.5,0.09,1.44,0.2,19.69,0.22,1,25,50,40,Clayey,Pulses,Urea,76.4404980394995
345,7.5,528,7.9,0.82,0.65,2.5,0.09,1.44,0.2,19.69,0.22,1,25,50,40,Clayey,Pulses,14-35-14,96.2679804395244
333,8.3,665,7.3,0.3,0.46,7.2,0.27,1.87,0.47,13.38,0.28,1,25,50,40,Clayey,Pulses,DAP,119.731819492655
351,7,549,7.5,0.37,0.3,6.3,0.21,0.71,0.5,3.11,0.09,1,25,50,40,Clayey,Pulses,17-17-17,100.029170441251
295,14.5,612,8.2,0.38,0.49,7.54,0.36,2.25,0.69,12.36,0.48,1,25,50,40,Clayey,Pulses,DAP,109.680527622799
282,9.2,676,8,0.62,0.78,11.46,0.47,7.15,1.02,4.51,0.25,1,25,50,40,Clayey,Pulses,20-20,120.69572227981
257,11.6,433,7.4,0.73,0.1,4.22,0.25,3.26,1.24,9.62,0.42,1,25,50,40,Clayey,Pulses,14-35-14,77.6674018610092
270,12.1,401,7.9,0.36,0.78,8.45,0.21,9.05,0.77,14.55,0.17,1,25,50,40,Clayey,Pulses,28-28,72.5070098055866
289,14.5,549,7.3,0.64,1.07,11.16,0.34,4.55,0.53,6.32,0.29,1,25,50,40,Clayey,Pulses,Urea,98.5429585136666
301,13.6,496,7.8,0.6,0.88,8.45,0.51,6.28,1.25,17.54,0.46,1,25,50,40,Clayey,Pulses,DAP,89.6289903234138
295,12.5,412,7.2,0.37,0.39,6.64,0.27,1.05,1.39,11.58,0.25,1,30,59,31,Red,Tobacco,14-35-14,75.0851011474188
276,15.4,433,7.3,0.63,0.88,5.43,0.33,6.25,0.54,7.54,0.31,1,25,50,40,Clayey,Pulses,20-20,78.1475070340113
326,13.4,454,7.9,0.51,0.49,7.84,0.28,8.25,0.33,13.02,0.32,1,30,59,31,Red,Tobacco,28-28,83.1124638319178
270,13.8,845,7.5,0.82,0.1,3.32,0.45,1.32,0.78,8.54,0.42,1,25,50,40,Clayey,Pulses,Urea,150.471090421184
289,14.7,750,8.1,0.58,0.68,5.13,0.37,4.51,0.59,11.63,0.31,1,25,50,40,Clayey,Pulses,14-35-14,133.887777882856
314,8.3,591,8,0.47,1.07,11.76,0.25,3.25,0.62,19.52,0.61,1,25,50,40,Clayey,Pulses,28-28,106.409701851176
345,9.9,507,7.9,0.49,0.78,8.45,0.59,7.54,0.37,14.33,0.34,1,25,50,40,Clayey,Pulses,20-20,92.6752916593871
307,6.8,370,7.3,0.66,0.2,7.24,0.51,6.05,1.36,10.56,0.42,1,30,59,31,Red,Tobacco,Urea,68.3754705940529
339,7.5,475,7.2,0.88,0.78,4.83,0.34,8.21,1.07,7.54,0.55,1,30,59,31,Red,Tobacco,DAP,87.0575329941223
314,10.3,676,7.9,0.39,0.1,3.32,0.28,3.25,1.94,9.36,0.67,1,25,50,40,Clayey,Pulses,17-17-17,121.279885409451
333,12.7,887,7.4,0.42,0.68,5.43,0.34,1.96,2.01,14.52,0.34,1,25,50,40,Clayey,Pulses,28-28,158.837739544893
351,14.3,560,7.6,0.37,1.07,8.14,0.28,1.05,0.87,13.26,0.48,1,25,50,40,Clayey,Pulses,Urea,101.917791471535
358,10.1,602,7.8,0.32,0.29,9.95,0.33,2.51,0.51,10.85,0.42,1,25,50,40,Clayey,Pulses,20-20,109.336443582934
301,10.3,412,7.3,0.77,0.78,4.22,0.52,7.15,0.39,7.54,0.74,1,30,59,31,Red,Tobacco,17-17-17,75.2587995114779
326,11.8,444,7.4,0.4,0.1,8.45,0.48,3.25,0.46,9.55,0.88,1,30,59,31,Red,Tobacco,DAP,81.4147966046902
314,8.1,644,7.8,0.61,0.88,3.92,0.29,9.02,1.12,8.52,0.29,1,25,50,40,Clayey,Pulses,Urea,115.66894187104
320,8.6,380,7.94,0.69,0.29,8.45,0.41,4.15,0.77,4.15,0.5,1,30,59,31,Red,Tobacco,20-20,70.4681668260251
358,12.9,422,7.02,0.48,0.68,9.95,0.39,3.22,0.91,6.32,0.65,1,30,59,31,Red,Tobacco,28-28,78.716589280145
345,13.6,444,7.85,0.38,0.1,5.13,0.35,6.21,0.63,12.05,0.34,1,30,59,31,Red,Tobacco,10-26-26,81.9836246519945
314,14.9,359,7.04,0.43,0.78,6.33,0.42,4.15,0.54,10.52,0.42,1,30,59,31,Red,Tobacco,Urea,66.7771218506547
333,13.8,401,7.62,0.51,0.59,10.56,0.51,2.11,0.71,8.54,0.31,1,30,59,31,Red,Tobacco,DAP,74.393482635591
339,8.3,380,7.67,0.32,0.39,10.26,0.33,8.02,1.25,3.25,0.52,1,30,59,31,Red,Tobacco,20-20,71.1132933519904
326,10.3,507,7.88,0.71,0.1,4.52,0.28,3.02,1.09,7.15,0.67,1,25,50,40,Clayey,Pulses,14-35-14,92.1624817321462
351,10.7,623,7.96,0.51,0.29,8.45,0.22,4.51,0.38,9.06,0.34,1,25,50,40,Clayey,Pulses,10-26-26,112.807063261085
301,14.3,370,7.05,0.95,0.88,5.13,0.34,6.25,1.22,15.32,0.55,1,30,59,31,Red,Tobacco,20-20,68.1772190309066
251,13.2,496,7.87,0.4,0.39,10.26,0.29,1.25,0.94,11.56,0.21,1,25,50,40,Clayey,Pulses,28-28,88.4818074037913
326,12.7,454,7.01,0.42,0.2,6.64,0.43,7.15,0.37,17.32,0.52,1,30,59,31,Red,Tobacco,Urea,83.1126540911608
289,16,327,7.03,0.5,0.49,5.43,0.51,3.02,1.22,10.58,0.74,1,30,59,31,Red,Tobacco,28-28,60.6254348678909
276,17.3,454,7.91,0.46,1.07,6.33,0.33,4.15,1.06,12.56,0.27,1,25,50,40,Clayey,Pulses,Urea,81.7613439387443
245,6.6,475,7.02,0.51,0.78,5.13,0.28,3.25,0.93,7.54,0.53,1,25,50,40,Clayey,Pulses,DAP,84.6903837041923
345,12.7,412,7.44,0.29,0.39,11.76,0.24,8.06,0.57,16.32,0.25,1,30,59,31,Red,Tobacco,14-35-14,76.6215278427056
320,14.3,465,7.58,0.44,0.49,4.52,0.39,6.21,1.22,14.05,0.55,1,25,50,40,Clayey,Pulses,28-28,84.8145008409108
270,13.2,422,7.32,0.68,0.59,3.92,0.45,1.05,1.05,19.32,0.65,1,25,50,40,Clayey,Pulses,20-20,76.102163190436
333,14.3,507,7.43,0.61,0.88,7.24,0.37,1.26,1.37,12.03,0.29,2,25,50,40,Clayey,Pulses,10-26-26,92.3473307219373
358,13.2,444,7.8,0.29,0.49,4.52,0.26,5.26,1.25,6.25,0.48,2,30,59,31,Red,Tobacco,DAP,82.3901355007156
245,13.8,391,7.01,0.64,0.88,7.84,0.35,1.25,0.96,12.03,0.23,1,25,50,40,Clayey,Pulses,14-35-14,70.1259648107115
314,12.7,591,7.51,0.56,0.1,9.65,0.42,3.02,0.53,7.54,0.53,1,25,50,40,Clayey,Pulses,Urea,106.408401220248
307,12.9,539,7.34,0.85,1.07,4.52,0.53,7.54,1.22,4.51,0.61,1,25,50,40,Clayey,Pulses,DAP,97.2110292772313
326,14.9,655,7.37,0.87,0.78,7.24,0.47,6.33,0.63,8.22,0.27,1,25,50,40,Clayey,Pulses,20-20,117.837075901675
320,14.3,422,7.41,0.42,0.59,3.32,0.25,1.52,1.52,12.05,0.5,1,30,59,31,Red,Tobacco,28-28,77.5123577961219
345,10.5,570,7.43,0.42,0.68,5.13,0.36,4.52,1.02,6.32,0.34,1,25,50,40,Clayey,Pulses,14-35-14,103.490455954321
307,11.6,496,7.52,0.93,0.2,8.45,0.54,9.62,0.84,9.33,0.44,1,25,50,40,Clayey,Pulses,10-26-26,89.7802709895469
295,2.9,612,7.35,0.52,0.39,9.95,0.48,8.05,0.63,15.25,0.32,1,25,50,40,Clayey,Pulses,Urea,109.684942919165
276,10.7,655,7.47,0.51,1.07,7.84,0.26,10.22,0.75,14.22,0.4,1,25,50,40,Clayey,Pulses,10-26-26,116.886579545746
301,12.7,422,8.19,0.57,0.29,4.22,0.35,6.32,1.02,13.25,0.29,1,30,59,31,Red,Tobacco,DAP,76.9570346619423
282,15.6,602,7.38,0.82,0.88,8.45,0.29,4.51,0.74,8.54,0.42,1,25,50,40,Clayey,Pulses,14-35-14,107.671033574403
295,13.4,412,7.35,0.7,0.49,9.95,0.22,7.54,0.93,11.25,0.34,1,30,59,31,Red,Tobacco,10-26-26,75.0848235203241
326,11.8,444,8.02,0.75,0.78,7.54,0.57,2.02,1.24,21.02,0.46,1,30,59,31,Red,Tobacco,Urea,81.4147966046902
358,12.5,581,7.42,0.85,0.2,8.14,0.46,1.89,1.05,10.25,0.5,1,25,50,40,Clayey,Pulses,14-35-14,105.711767622138
314,6.6,444,7.23,0.28,0.59,4.22,0.35,3.22,0.87,7.54,0.63,1,30,59,31,Red,Tobacco,28-28,81.0733615021342
301,9.4,517,8.1,0.38,0.1,6.64,0.26,7.54,1.32,6.23,0.8,1,25,50,40,Clayey,Pulses,10-26-26,93.2588421202167
220,9,454,7.29,0.84,0.29,4.52,0.39,4.15,0.84,8.05,0.29,1,25,50,40,Clayey,Pulses,Urea,80.4988402922701
276,12.9,401,7.35,0.85,0.68,3.92,0.22,3.02,1.28,14.21,0.42,1,25,50,40,Clayey,Pulses,DAP,72.6738089129908
282,13.2,433,7.34,0.59,0.88,8.45,0.41,8.05,1.36,9.02,0.61,1,25,50,40,Clayey,Pulses,20-20,78.3062487340681
264,12.1,560,7.9,0.63,0.39,4.22,0.33,3.22,0.75,11.65,0.29,1,25,50,40,Clayey,Pulses,Urea,99.9513821625776
195,94.3,539,7.49,0.42,0.59,6.64,0.53,7.12,0.87,4.25,0.53,0,34,65,45,Clayey,Paddy,DAP,95.2119824449225
188,92.1,444,7.34,0.43,0.2,7.84,0.34,6.33,1.25,9.6,0.27,0,34,65,45,Clayey,Paddy,14-35-14,78.3201530405249
226,89.9,422,7.37,0.62,0.49,4.52,0.57,9.21,1.36,13.52,0.42,1,34,65,45,Clayey,Paddy,28-28,75.2161828660919
213,96.5,729,7.41,0.38,1.07,5.73,0.49,6.3,1.27,6.21,0.32,1,34,65,45,Clayey,Paddy,20-20,129.212488657292
201,89.9,454,7.43,0.53,0.78,6.94,0.55,8.21,2.01,7.54,0.17,1,34,65,45,Clayey,Paddy,10-26-26,80.3001917818995
207,76.8,465,7.52,0.69,0.68,4.22,0.38,4.56,0.54,3.25,0.5,1,34,65,45,Clayey,Paddy,DAP,82.2852762871581
220,122.8,760,7.35,0.67,0.68,7.54,0.42,7.02,0.96,8.05,0.25,1,34,65,45,Clayey,Paddy,14-35-14,134.917642987231
276,94.3,486,7.47,0.41,0.49,3.92,0.28,3.85,1.25,11.03,0.42,1,34,65,45,Clayey,Paddy,Urea,87.4710263599033
226,103.1,612,8.19,0.63,0.68,6.64,0.49,8.05,1.45,6.05,0.25,1,34,65,45,Clayey,Paddy,DAP,108.639567696436
207,94.3,813,7.38,0.34,0.1,4.52,0.52,6.96,0.74,9.21,0.29,1,34,65,45,Clayey,Paddy,20-20,144.11902945079
270,114,655,7.35,0.39,0.59,9.95,0.45,7.41,1.32,8.12,0.46,1,34,65,45,Clayey,Paddy,28-28,116.993705324731
295,107.5,644,8.02,0.42,0.49,4.52,0.33,8.02,1.96,12.36,0.36,1,34,65,45,Clayey,Paddy,14-35-14,115.481138823925
238,83.3,412,7.42,0.72,0.88,6.64,0.5,4.58,2.05,6.35,0.69,1,34,65,45,Clayey,Paddy,10-26-26,73.7263191072486
207,94.3,444,7.23,0.49,0.39,4.22,0.41,9.63,1.54,11.06,0.53,1,34,65,45,Clayey,Paddy,Urea,78.6825007800104
182,92.1,465,8.1,0.68,0.29,5.13,0.39,4.21,2.06,7.35,0.4,0,34,65,45,Clayey,Paddy,10-26-26,81.9185053321421
232,87.7,665,7.29,0.75,0.1,7.84,0.48,7.53,0.75,15.21,0.55,1,34,65,45,Clayey,Paddy,DAP,118.059789204028
289,107.5,475,7.35,0.43,0.88,3.62,0.52,6.3,0.48,6.03,0.34,1,34,65,45,Clayey,Paddy,14-35-14,85.9567892972729
195,125,507,7.34,0.56,1.27,6.33,0.41,7.04,0.9,4.52,0.48,2,34,65,45,Clayey,Paddy,10-26-26,89.7271586958558
207,107.5,391,7.29,0.58,0.59,4.52,0.27,8.62,1.25,12.32,0.23,1,34,65,45,Clayey,Paddy,Urea,69.5260817613407
238,98.7,623,7.28,0.44,0.1,5.73,0.37,4.51,1.47,5.03,0.27,1,34,65,45,Clayey,Paddy,14-35-14,110.753577719258
201,114,834,7.25,0.43,1.07,6.64,0.54,8.35,0.68,9.65,0.5,1,34,65,45,Clayey,Paddy,28-28,147.872324382864
345,96.5,422,7.37,0.62,0.2,5.43,0.48,7.05,0.6,6.32,0.34,2,36,68,50,Loamy,Wheat,10-26-26,78.5095635397861
238,103.1,454,7.41,0.46,0.88,4.22,0.52,6.51,0.53,11.05,0.21,1,34,65,45,Clayey,Paddy,Urea,81.111574896692
201,105.3,444,7.28,0.43,0.39,7.84,0.32,9.53,1.05,15.47,0.32,1,34,65,45,Clayey,Paddy,DAP,78.6312191044314
232,98.7,454,7.45,0.44,0.59,3.92,0.24,4.51,0.68,3.05,0.5,1,34,65,45,Clayey,Paddy,20-20,80.9584426862304
314,83.3,486,7.41,0.8,0.68,7.54,0.51,7.63,1.36,12.06,0.25,2,34,65,45,Clayey,Paddy,Urea,88.3678384293405
195,94.3,813,7.33,0.74,0.29,4.22,0.38,3.52,1.89,11.48,0.4,0,34,65,45,Clayey,Paddy,DAP,143.996097653266
226,92.1,655,7.29,0.72,0.1,6.64,0.5,8.05,0.54,14.21,0.4,1,34,65,45,Clayey,Paddy,14-35-14,116.214478336424
238,114,708,7.43,0.59,0.88,5.13,0.46,9.26,0.63,6.05,0.55,1,34,65,45,Clayey,Paddy,28-28,125.871175327926
182,89.9,454,7.55,0.48,0.68,6.94,0.32,4.15,1.02,7.15,0.67,0,34,65,45,Clayey,Paddy,Urea,79.967328083605
182,92.1,697,7.38,0.83,0.39,5.43,0.44,7.52,1.98,15.23,0.52,0,34,65,45,Clayey,Paddy,17-17-17,123.136927728306
213,107.5,612,7.37,0.45,0.39,5.43,0.44,7.52,1.98,15.23,0.52,1,34,65,45,Clayey,Paddy,20-20,108.465607156999
226,87.7,708,7.34,0.39,0.88,9.65,0.46,3.5,0.45,13.56,0.34,1,34,65,45,Clayey,Paddy,Urea,125.612433140583
213,120.6,623,7.41,0.42,0.49,4.52,0.59,6.53,0.86,3.56,0.55,1,34,65,45,Clayey,Paddy,28-28,110.478511634651
333,10.7,444,7.43,0.73,0.49,4.52,0.59,6.53,0.86,3.56,0.55,1,30,59,31,Red,Tobacco,14-35-14,81.6215747701046
238,7.7,454,7.41,0.88,0.29,4.22,0.38,7.05,1.02,7.02,0.69,0,25,50,40,Clayey,Pulses,DAP,80.876037282567
201,9.4,697,7.4,0.51,1.17,5.43,0.26,4.35,1.63,9.54,0.53,0,25,50,40,Clayey,Pulses,17-17-17,123.237124151304
195,9.2,454,7.52,0.49,0.88,6.64,0.38,8.36,0.34,4.02,0.32,0,25,50,40,Clayey,Pulses,Urea,80.0237422381872
270,8.1,444,7.55,0.53,0.29,4.22,0.63,7.02,1.96,11.56,0.29,1,25,50,40,Clayey,Pulses,28-28,79.8891215602406
195,8.8,454,7.47,0.53,1.07,5.13,0.4,4.96,2.01,3.2,0.53,0,25,50,40,Clayey,Pulses,DAP,80.0239423422536
213,10.7,771,7.29,0.52,0.68,5.73,0.49,8.51,0.75,15.62,0.36,0,25,50,40,Clayey,Pulses,17-17-17,136.578425629423
201,8.3,697,7.48,0.81,0.2,6.64,0.53,5.6,0.86,11.3,0.63,0,25,50,40,Clayey,Pulses,Urea,123.237489135292
232,10.7,760,7.35,0.53,0.49,3.92,0.42,9.05,1.32,9.32,0.5,0,25,50,40,Clayey,Pulses,28-28,134.846666234121
226,9.2,454,7.44,0.76,0.59,6.64,0.5,6.35,1.5,5.21,0.25,0,25,50,40,Clayey,Pulses,Urea,80.6210563472979
257,7.5,444,7.47,0.49,0.98,5.43,0.37,7.41,0.8,11.05,0.32,0,25,50,40,Clayey,Pulses,DAP,79.5717278393646
245,8.3,507,7.42,0.71,1.27,6.33,0.61,8.05,1.32,6.32,0.29,0,25,50,40,Clayey,Pulses,20-20,90.2851162620465
245,11.4,549,7.65,0.49,1.07,4.22,0.59,4.05,1.87,9.54,0.42,0,25,50,40,Clayey,Pulses,17-17-17,97.657563285384
264,9,486,7.24,0.47,0.59,9.95,0.29,9.35,1.23,11.65,0.34,1,25,50,40,Clayey,Pulses,DAP,87.0217335418563
276,9.2,370,7.62,0.62,0.59,9.95,0.29,9.35,1.23,11.65,0.34,1,30,59,31,Red,Tobacco,Urea,67.4077966282358
320,13.8,391,7.38,0.65,0.68,7.54,0.38,5.41,0.89,9.05,0.63,2,30,59,31,Red,Tobacco,20-20,72.3012455521587
264,10.3,475,7.49,0.74,0.1,5.13,0.51,5.8,0.51,7.32,0.21,0,25,50,40,Clayey,Pulses,28-28,85.1093810530744
333,14.9,422,8.26,0.48,1.17,3.32,0.6,7.62,1.02,11.65,0.29,2,30,59,31,Red,Tobacco,14-35-14,77.9104174617844
295,14.5,612,8.4,0.38,0.39,6.94,0.39,6.23,0.63,9.06,0.5,1,25,50,40,Clayey,Pulses,Urea,109.680527622799
282,9.2,676,7.95,0.62,0.59,5.43,0.44,4.12,1.32,11.41,0.34,1,25,50,40,Clayey,Pulses,DAP,120.69572227981
257,11.6,433,7.58,0.73,0.29,4.22,0.29,3.25,2.1,6.5,0.23,0,25,50,40,Clayey,Pulses,20-20,77.6674018610092
270,12.1,401,7.47,0.36,0.78,6.64,0.37,5.21,0.86,13.05,0.48,1,25,50,40,Clayey,Pulses,28-28,72.5070098055866
289,14.5,549,7.18,0.64,0.1,3.92,0.41,7.15,0.75,6.03,0.36,1,25,50,40,Clayey,Pulses,DAP,98.5429585136666
301,13.6,496,7.2,0.6,0.59,8.75,0.59,3.52,1.09,12.05,0.42,1,25,50,40,Clayey,Pulses,Urea,89.6289903234138
295,12.5,412,7.12,0.37,0.2,4.22,0.36,8.02,1.33,9.21,0.34,1,30,59,31,Red,Tobacco,14-35-14,75.0851011474188
276,15.4,433,7.01,0.63,1.17,6.94,0.51,9.06,0.45,4.51,0.63,1,25,50,40,Clayey,Pulses,28-28,78.1475070340113
326,13.4,454,7.13,0.51,0.88,5.13,0.29,4.85,0.78,9.32,0.27,2,30,59,31,Red,Tobacco,Urea,83.1124638319178
270,13.8,845,7,0.82,0.1,5.73,0.48,3.06,0.61,10.58,0.5,1,25,50,40,Clayey,Pulses,14-35-14,150.471090421184
289,14.7,750,7.01,0.58,0.29,6.33,0.63,8.35,1.53,13.02,0.34,1,25,50,40,Clayey,Pulses,DAP,133.887777882856
314,8.3,591,7,0.47,0.68,10.86,0.44,4.6,1.96,6.57,0.55,1,25,50,40,Clayey,Pulses,17-17-17,106.409701851176
345,9.9,507,7,0.49,0.1,7.24,0.5,6.32,1.55,9.03,0.21,1,25,50,40,Clayey,Pulses,DAP,92.6752916593871
307,6.8,370,7.02,0.66,0.2,5.43,0.68,4.88,0.52,8.51,0.25,1,30,59,31,Red,Tobacco,20-20,68.3754705940529
339,7.5,475,7,0.88,0.98,6.94,0.54,7.15,0.39,10.59,0.34,1,30,59,31,Red,Tobacco,14-35-14,87.0575329941223
314,10.3,676,7.03,0.39,1.07,5.43,0.39,6.23,0.47,2.69,0.5,1,25,50,40,Clayey,Pulses,28-28,121.279885409451
333,12.7,887,7.1,0.42,0.88,6.33,0.75,4.96,1.08,12.03,0.59,2,25,50,40,Clayey,Pulses,Urea,158.837739544893
351,14.3,560,7.82,0.37,0.39,5.13,0.36,5.51,1.55,9.65,0.27,2,25,50,40,Clayey,Pulses,DAP,101.917791471535
358,10.1,602,7.01,0.32,0.68,8.75,0.42,9.23,2.04,14.52,0.55,1,25,50,40,Clayey,Pulses,14-35-14,109.336443582934
301,10.3,412,7,0.77,0.98,9.65,0.66,4.53,0.96,10.63,0.5,1,30,59,31,Red,Tobacco,20-20,75.2587995114779
326,11.8,444,7.33,0.4,0.1,4.22,0.51,9.03,0.54,6.58,0.67,2,30,59,31,Red,Tobacco,28-28,81.4147966046902
314,8.1,644,7.41,0.61,0.29,7.54,0.27,4.59,1.05,4.51,0.32,1,25,50,40,Clayey,Pulses,Urea,115.66894187104
320,8.6,380,7.94,0.69,0.98,3.92,0.48,7.63,1.78,9.3,0.55,1,30,59,31,Red,Tobacco,14-35-14,70.4681668260251
358,12.9,422,7.02,0.48,1.27,5.43,0.29,3.56,0.63,11.56,0.42,2,30,59,31,Red,Tobacco,28-28,78.716589280145
345,13.6,444,7.85,0.38,0.1,6.33,0.35,8.54,1.02,9.64,0.65,2,30,59,31,Red,Tobacco,20-20,81.9836246519945
314,14.9,359,7.04,0.43,0.68,5.13,0.17,6.11,0.88,3.74,0.21,2,30,59,31,Red,Tobacco,Urea,66.7771218506547
333,13.8,401,7.62,0.51,0.49,3.92,0.26,3.05,1.03,9.05,0.34,2,30,59,31,Red,Tobacco,DAP,74.393482635591
339,8.3,380,7.67,0.32,0.88,5.13,0.33,7.96,1.65,12.47,0.44,1,30,59,31,Red,Tobacco,17-17-17,71.1132933519904
326,10.3,507,7.88,0.71,0.39,8.75,0.21,8.63,2.01,8.63,0.32,1,25,50,40,Clayey,Pulses,28-28,92.1624817321462
351,10.7,623,7.96,0.51,0.29,7.24,0.36,4.69,0.69,11.03,0.69,1,25,50,40,Clayey,Pulses,Urea,112.807063261085
264,9,486,7.24,0.47,0.1,3.92,0.35,8.26,0.45,7.98,0.4,1,25,50,40,Clayey,Pulses,20-20,87.0217335418563
276,9.2,370,7.62,0.62,0.49,6.64,0.42,3.57,0.63,6.48,0.32,1,30,59,31,Red,Tobacco,17-17-17,67.4077966282358
320,13.8,391,7.38,0.65,1.07,5.43,0.58,4.58,1.02,13.25,0.53,2,30,59,31,Red,Tobacco,DAP,72.3012455521587
264,10.3,475,7.49,0.74,0.88,10.56,0.45,7.36,1.87,10.63,0.63,0,25,50,40,Clayey,Pulses,Urea,85.1093810530744
